covariate,coef,exp(coef),se(coef),coef lower 95%,coef upper 95%,exp(coef) lower 95%,exp(coef) upper 95%,cmp to,z,p,-log2(p)
pipe_age,2.380142795578135e-07,1.0000002380143078,6.211080386206697e-05,-0.00012149692434092476,0.00012197295290004037,0.9998785104561114,1.000121980391903,0.0,0.003832091435918065,0.9969424408910356,0.004417882779643923
bury_depth_m,1.563745052094392e-08,1.0000000156374507,5.1626976930175086e-05,-0.00010117137796330246,0.00010120265286434436,0.999898833739688,1.0001012077740254,0.0,0.00030289301157597124,0.9997583263461838,0.00034870351979845033
pressure_mpa,-3.711702112179806e-08,0.9999999628829795,5.1830952148227595e-05,-0.00010162391651606683,0.00010154968247382324,0.9998983812470192,1.0001015548388172,0.0,-0.0007161169066632188,0.9994286214252796,0.0008245606267967599
flow_ls,1.2467544780230865e-08,1.0000000124675448,5.161095119749542e-05,-0.00010114313801016516,0.00010116807309972563,0.9998988619767845,1.0001011731907616,0.0,0.00024156781634429345,0.9998072567708266,0.0002780965023633518
velocity_ms,-6.517973001008166e-08,0.9999999348202722,5.234890898437873e-05,-0.00010266715596935765,0.00010253679650933749,0.9998973381141227,1.0001025420535863,0.0,-0.001245101975850762,0.9990065526135303,0.0014339540147719335
days_since_inspection,-7.104774249730439e-08,0.99999992895226,5.2493447048203476e-05,-0.00010295631338133653,0.00010281421789634193,0.9998970489864379,1.0001028195034591,0.0,-0.001353459269536309,0.9989200960748655,0.0015588138736099533
accident_count,0.25581778889330214,1.2915173776879323,0.026223868158684254,0.2044199517669543,0.30721562601964997,1.2268132476823626,1.3596341089575386,0.0,9.75515081700813,1.753398613917855e-22,72.27226407491054
material_encoded,1.823360627002451e-07,1.0000001823360793,4.2103659325478186e-05,-8.233931983258099e-05,8.270399195798148e-05,0.9999176640699562,1.0000827074120275,0.0,0.0043306464478708164,0.9965446548614958,0.004993641650610822
geo_encoded,4.329567588423509e-08,1.0000000432956768,4.676072295223212e-05,-9.16060372015462e-05,9.169262855331466e-05,0.9999083981585034,1.000091696832451,0.0,0.0009258983426852337,0.9992612401130535,0.0010661991063802478
road_encoded,-6.689875976835258e-09,0.999999993310124,6.708333194470279e-05,-0.0001314876044505396,0.00013147422469858593,0.9998685210396656,1.0001314828678132,0.0,-9.972486134632914e-05,0.9999204310729355,0.00011479826373273218
