pipe_id,risk_score
237191,6
237214,6
237225,4
237249,2
237299,4
237314,2
237318,68
237327,26
237342,5
237377,12
237401,6
237404,6
237427,10
237429,3
237431,9
237452,5
237465,8
237472,5
237533,5
237573,3
237575,10
237585,7
237621,8
237657,7
237659,11
237660,28
237672,13
237704,19
237725,4
237747,4
237762,43
237780,7
237783,2
237794,6
237798,4
237813,5
237830,3
237843,15
237851,5
237858,4
237910,3
237918,3
237926,6
237942,7
237944,11
237957,4
237960,6
237961,5
237962,3
238016,4
238040,11
238047,14
238071,5
238077,6
238082,4
238091,5
238094,1
238095,1
238118,3
238119,2
238122,7
238123,3
238126,4
238132,6
238136,4
238144,6
238150,5
238156,7
238157,4
238180,9
238276,20
238294,66
238310,2
238348,8
238372,13
238386,16
238395,6
238405,12
238410,11
238419,6
238436,2
238447,6
238448,15
238477,18
238500,6
238519,4
238523,6
238589,6
238592,5
238599,24
238615,2
238625,9
238655,5
238660,5
238668,4
238676,8
238757,12
238765,40
238779,2
238786,9
238813,3
238837,5
238851,5
238854,3
238873,1
238877,2
238886,5
238888,1
238895,1
238901,8
238907,44
238915,12
238924,6
238968,4
238970,5
238972,2
238973,2
238987,56
239059,3
239060,5
239069,16
239093,3
239095,9
239099,11
239116,13
239117,3
239118,2
239120,3
239121,4
239122,9
239132,4
239139,8
239148,5
239150,4
239155,26
239162,2
239163,6
239166,2
239180,6
239192,39
239220,5
239227,19
239235,0
239236,0
239251,6
239252,8
239253,2
239311,5
239315,6
239324,9
239327,4
239329,4
239333,5
239352,2
239363,11
239365,4
239366,12
239377,16
239401,6
239407,5
239409,5
239413,5
239422,3
239425,8
239426,7
239439,23
239443,2
239449,5
239451,7
239457,8
239484,3
239492,8
239495,10
239498,2
239499,3
239500,3
239503,2
239504,5
239526,2
239530,3
239531,3
239533,4
239539,47
239581,2
239595,12
239600,9
239618,11
239628,6
239633,5
239643,7
239648,28
239679,14
239683,37
239691,7
239720,11
239725,8
239728,34
239749,3
239757,11
239766,5
239768,7
239784,4
239804,8
239806,3
239820,15
239833,16
239848,2
239849,2
239861,9
239863,4
239881,3
239916,5
239941,4
239943,23
239959,7
239968,3
239970,4
239989,7
239993,5
240000,10
240019,1
240029,6
240030,5
240034,6
240085,6
240086,6
240095,3
240099,11
240102,7
240112,1
240129,4
240133,6
240145,12
240162,7
240177,6
240206,4
240220,5
240225,4
240229,12
240230,5
240252,11
240260,4
240265,4
240281,8
240285,2
240287,5
240311,20
240369,2
240395,3
240402,8
240406,14
240437,2
240466,7
240470,72
240483,53
240485,16
240520,2
240530,7
240531,3
240582,10
240589,28
240638,1
240639,1
240669,7
240700,2
240715,5
240732,8
240736,5
240739,6
240749,68
240764,7
240765,10
240772,11
240786,13
240799,7
240822,3
240828,12
240840,7
240894,2
240930,16
240942,5
240962,2
240983,6
240990,4
241016,8
241033,1
241053,11
241055,5
241059,3
241071,4
241117,23
241143,6
241147,3
241149,3
241214,3
241218,6
241243,2
241247,2
241248,4
241273,7
241275,8
241276,6
241277,2
241308,5
241315,5
241342,7
241366,3
241384,5
241411,5
241415,19
241417,2
241418,4
241445,2
241483,4
241520,6
241523,55
241537,4
241561,11
241572,62
241604,2
241650,4
241654,10
241670,10
241672,4
241679,2
241682,1
241702,3
241712,4
241749,9
241757,4
241770,4
241771,50
241779,5
241780,2
241828,17
241830,11
241848,3
241855,8
241873,12
241882,8
241891,6
241906,5
241930,3
241941,2
241979,5
241990,6
242009,3
242045,3
242047,2
242060,2
242071,3
242074,1
242095,13
242104,8
242105,4
242115,3
242117,8
242130,6
242132,6
242149,4
242155,4
242180,11
242200,57
242212,3
242233,9
242246,2
242286,4
242288,7
242296,8
242298,6
242330,30
242334,37
242341,9
242367,5
242368,5
242396,5
242410,31
242439,3
242445,7
242451,4
242490,10
242498,7
242503,15
242558,4
242573,6
242579,9
242581,5
242597,13
242614,10
242685,3
242687,9
242700,5
242706,3
242707,59
242775,3
242782,9
242789,2
242802,5
242826,5
242828,4
242837,3
242842,3
242848,8
242854,4
242859,7
242873,7
242884,4
242891,2
242892,17
242916,3
242924,7
242937,6
242946,10
242951,61
242953,9
242989,3
243026,5
243049,3
243054,13
243067,6
243096,6
243121,2
243145,11
243174,8
243188,7
243198,3
243214,5
243236,12
243253,8
243260,3
243264,3
243272,2
243274,4
243276,5
243297,6
243313,6
243333,5
243358,4
243361,3
243385,9
243411,3
243428,19
243434,12
243444,4
243472,4
243481,2
243511,4
243513,6
243602,12
243611,5
243619,53
243653,9
243667,8
243679,15
243724,4
243734,12
243760,5
243774,3
243778,5
243802,4
243813,36
243828,6
243842,13
243843,6
243861,7
243865,2
243881,4
243899,9
243960,18
243980,3
243998,5
244006,12
244079,3
244080,11
244117,8
244118,6
244149,9
244171,6
244195,15
244203,3
244210,14
244211,2
244260,12
244279,4
244289,1
244299,3
244300,2
244303,7
244333,4
244337,8
244379,8
244404,7
244406,5
244412,5
244423,8
244426,55
244428,9
244429,6
244440,61
244443,1
244445,12
244459,5
244463,5
244465,5
244473,3
244487,7
244524,6
244542,9
244548,62
244563,5
244580,3
244590,7
244598,12
244622,6
244624,6
244680,10
244681,2
244683,5
244709,7
244717,35
244778,4
244781,6
244782,7
244795,6
244871,4
244898,4
244901,6
244910,64
245007,5
245044,4
245119,5
245138,5
245177,36
245203,12
245210,4
245223,7
245225,6
245231,2
245252,8
245261,3
245284,4
245292,7
245300,35
245305,10
245323,7
245337,5
245357,9
245358,3
245377,6
245379,11
245393,9
245395,6
245398,4
245400,5
245445,7
245446,0
245459,2
245516,3
245540,3
245541,4
245548,4
245554,7
245555,10
245559,3
245605,5
245620,10
245629,2
245644,8
245645,17
245655,2
245689,3
245713,24
245718,3
245733,3
245741,5
245759,3
245783,7
245838,2
245845,29
245866,4
245874,4
245914,3
245926,3
245934,13
245963,3
245977,5
245978,3
245984,4
245986,6
245994,7
246011,41
246019,24
246049,5
246055,6
246065,7
246092,6
246100,7
246104,4
246121,6
246127,46
246134,3
246137,6
246139,6
246143,3
246144,35
246147,5
246153,45
246171,3
246184,39
246209,4
246210,3
246223,4
246255,4
246275,6
246284,3
246309,4
246325,8
246333,3
246356,58
246382,6
246461,10
246467,2
246490,37
246493,11
246516,54
246530,7
246577,5
246599,8
246609,1
246618,7
246623,4
246645,46
246654,5
246665,5
246677,7
246723,8
246728,5
246785,4
246797,5
246810,10
246836,13
246841,7
246842,10
246911,11
246921,8
246933,11
246935,29
246948,8
246972,9
246976,5
246990,11
246992,7
247005,6
247043,4
247072,7
247110,6
247124,3
247134,3
247182,3
247222,59
247231,8
247234,9
247268,8
247273,2
247276,63
247289,12
247293,5
247333,7
247334,4
247352,5
247374,8
247390,4
247411,6
247429,2
247462,3
247474,9
247492,52
247506,7
247510,7
247521,8
247540,9
247542,4
247554,10
247555,5
247601,11
247625,5
247628,5
247636,4
247660,7
247702,12
247705,17
247715,3
247719,9
247748,7
247757,3
247765,9
247771,8
247776,40
247788,4
247798,8
247808,22
247811,5
247819,4
247820,43
247843,47
247857,4
247860,3
247881,3
247897,2
247908,20
247923,5
247924,40
247928,3
247954,11
247957,63
248002,4
248007,5
248023,2
248024,4
248025,3
248088,1
248141,82
248162,7
248171,3
248200,10
248204,10
248209,10
248265,3
248290,3
248323,5
248335,3
248344,48
248356,4
248368,2
248428,9
248446,5
248473,47
248488,4
248491,67
248505,3
248554,60
248556,4
248567,7
248579,7
248597,6
248648,4
248652,3
248672,3
248677,5
248689,4
248692,4
248693,7
248697,6
248706,8
248717,17
248745,4
248779,5
248783,3
248786,6
248821,5
248853,49
248872,2
248879,30
248897,4
248913,3
248917,2
248918,2
248924,3
248937,51
248962,7
248980,11
248983,10
248991,4
249013,9
249038,6
249045,11
249046,14
249052,57
249075,5
249080,25
249082,5
249101,39
249113,16
249131,2
249134,41
249149,4
249152,5
249164,3
249179,11
249180,36
249184,6
249225,4
249231,6
249246,7
249257,5
249291,24
249295,7
249296,3
249322,3
249339,11
249342,5
249371,7
249396,11
249420,6
249421,3
249423,5
249428,20
249435,14
249447,5
249453,3
249494,28
249495,11
249536,4
249546,5
249549,5
249566,60
249604,6
249610,9
249636,5
249667,6
249671,10
249679,8
249684,60
249685,6
249699,4
249709,2
249718,47
249720,31
249727,2
249729,42
249730,9
249733,9
249790,6
249804,4
249809,11
249816,4
249821,14
249828,4
249837,12
249854,8
249856,67
249863,15
249871,24
249874,5
249875,16
249901,54
249915,9
249921,5
249951,2
249960,4
249962,3
249966,9
249981,4
249982,3
250053,4
250071,10
250080,8
250081,6
250086,8
250092,47
250094,5
250127,4
250130,2
250136,4
250145,5
250163,4
250182,12
250185,49
250204,52
250219,3
250252,63
250268,3
250276,4
250285,7
250292,10
250298,3
250300,7
250318,3
250319,3
250320,7
250327,6
250333,8
250350,10
250356,3
250357,4
250362,20
250366,9
250379,14
250381,3
250388,1
250409,6
250412,7
250421,5
250432,4
250440,3
250472,12
250474,7
250494,4
250502,44
250510,7
250513,4
250532,3
250548,4
250563,4
250585,6
250635,5
250636,5
250689,6
250702,11
250733,2
250736,43
250740,10
250747,13
250752,13
250768,11
250771,11
250784,36
250785,3
250792,2
250793,6
250798,4
250875,8
250890,3
250892,4
250893,2
250926,21
250933,5
250941,12
250956,44
250962,8
250976,12
250982,42
250988,4
251004,10
251012,67
251021,5
251048,9
251053,10
251078,6
251087,1
251099,2
251109,4
251120,9
251123,4
251131,18
251142,8
251153,3
251173,72
251186,38
251187,49
251215,12
251223,1
251241,3
251261,3
251276,3
251308,6
251321,3
251352,14
251400,7
251402,4
251406,4
251420,7
251440,6
251463,5
251477,3
251480,13
251488,7
251494,48
251531,44
251533,3
251547,6
251564,6
251568,4
251604,11
251617,3
251619,4
251629,4
251633,7
251635,4
251649,52
251655,5
251664,12
251713,16
251722,4
251732,5
251739,8
251766,11
251774,5
251779,8
251791,4
251797,16
251814,2
251832,38
251845,11
251877,56
251897,6
251916,9
251922,52
251926,5
251927,44
251938,5
251944,2
251946,5
251947,12
251955,9
251960,4
251970,3
251981,5
252006,6
252025,4
252026,2
252034,3
252040,5
252061,4
252078,24
252114,3
252131,6
252145,4
252160,7
252161,4
252192,3
252195,4
252201,5
252226,4
252239,5
252241,9
252250,38
252255,8
252257,5
252259,11
252278,3
252311,5
252314,5
252326,8
252332,5
252342,11
252359,3
252375,5
252377,4
252386,9
252411,4
252433,5
252470,6
252499,3
252505,6
252508,6
252530,10
252550,4
252555,30
252562,6
252565,4
252575,3
252578,10
252595,12
252640,2
252667,8
252679,10
252685,7
252691,4
252701,10
252706,4
252708,3
252727,3
252740,61
252761,1
252780,4
252784,66
252823,8
252835,33
252838,13
252846,6
252861,48
252863,8
252873,4
252881,47
252886,6
252903,7
252912,2
252924,6
252929,6
252941,19
252942,35
252964,3
252969,5
253028,6
253041,47
253049,2
253060,4
253066,5
253068,6
253080,29
253097,3
253102,24
253105,7
253128,2
253159,4
253174,2
253183,4
253203,4
253220,51
253316,6
253328,10
253330,14
253337,35
253343,4
253352,34
253373,26
253390,9
253397,23
253414,7
253417,31
253421,7
253431,5
253453,4
253466,2
253505,3
253511,10
253528,42
253530,11
253535,41
253541,4
253550,8
253558,3
253559,4
253576,3
253586,5
253593,3
253606,29
253615,5
253659,73
253668,5
253673,5
253719,6
253729,7
253779,49
253804,11
253810,9
253812,5
253815,7
253851,10
253863,4
253869,11
253874,5
253891,4
253899,4
253904,60
253911,11
253917,7
253929,17
253940,3
253948,16
253954,1
253957,7
253987,24
253989,2
254002,10
254011,3
254012,5
254017,4
254029,5
254035,3
254044,9
254057,2
254076,20
254089,3
254106,8
254107,20
254131,7
254148,2
254157,7
254159,7
254189,15
254198,6
254200,9
254225,6
254247,52
254253,6
254276,48
254279,2
254286,5
254295,9
254298,9
254315,2
254342,6
254357,6
254362,3
254373,3
254374,6
254377,22
254383,88
254388,10
254398,3
254407,7
254409,13
254441,54
254447,4
254483,9
254485,5
254493,8
254497,30
254516,4
254526,3
254529,1
254571,4
254586,5
254587,8
254595,26
254598,5
254606,4
254615,4
254623,7
254624,7
254625,14
254631,5
254636,9
254671,11
254675,6
254678,24
254681,11
254686,2
254687,53
254693,26
254697,10
254713,5
254721,3
254733,8
254748,4
254757,7
254761,11
254775,3
254788,5
254814,5
254822,9
254824,12
254844,6
254860,7
254870,3
254876,12
254906,5
254918,4
254939,3
254943,4
254949,7
254960,5
254980,10
254998,8
255004,9
255027,8
255094,5
255095,5
255098,5
255133,3
255134,19
255135,7
255140,7
255173,3
255214,10
255215,10
255219,6
255223,4
255243,5
255244,8
255287,2
255288,3
255342,3
255355,2
255360,5
255373,3
255396,7
255398,13
255455,5
255461,12
255463,5
255464,5
255465,9
255471,3
255478,4
255489,6
255516,5
255526,9
255549,4
255550,6
255563,11
255596,12
255597,10
255685,15
255703,4
255756,4
255774,10
255819,2
255825,7
255844,10
255858,7
255866,8
255883,9
255888,10
255890,4
255901,2
255905,4
255908,12
255921,4
255928,16
255972,4
255978,12
255983,13
256012,12
256023,62
256024,9
256072,4
256082,2
256092,5
256097,3
256114,6
256117,4
256130,11
256133,13
256149,3
256152,8
256171,7
256196,5
256214,3
256260,6
256282,9
256283,4
256285,5
256294,2
256305,52
256324,4
256340,7
256341,10
256345,7
256358,3
256364,4
256366,4
256384,5
256389,40
256395,7
256411,4
256425,14
256433,10
256437,3
256466,3
256477,24
256484,33
256490,17
256507,4
256509,8
256510,4
256519,7
256531,6
256538,8
256553,7
256566,36
256583,4
256587,20
256591,16
256601,7
256622,50
256627,5
256645,10
256647,4
256649,13
256667,51
256669,5
256684,8
256687,12
256727,1
256732,6
256758,6
256762,10
256788,5
256798,22
256853,9
256856,4
256866,33
256868,6
256875,73
256885,5
256898,29
256899,1
256913,4
256943,7
256953,8
256971,6
256998,4
257055,9
257072,1
257083,28
257084,3
257087,3
257100,3
257131,6
257152,6
257155,12
257174,4
257193,5
257199,6
257213,4
257241,9
257251,17
257263,6
257269,41
257276,15
257303,7
257310,67
257327,10
257349,4
257372,8
257374,43
257398,3
257402,2
257406,5
257408,4
257409,17
257422,11
257452,3
257461,6
257470,8
257514,4
257525,28
257569,7
257580,5
257611,11
257631,4
257635,5
257644,12
257650,8
257657,31
257669,7
257678,8
257690,13
257699,8
257708,16
257731,6
257735,6
257777,9
257793,7
257802,5
257807,6
257813,2
257839,7
257868,6
257881,5
257896,75
257937,9
257993,8
257994,4
258006,6
258016,73
258019,46
258042,12
258049,5
258055,49
258062,6
258070,4
258072,2
258074,8
258096,9
258097,7
258120,11
258126,5
258144,8
258149,47
258150,3
258158,70
258162,2
258193,8
258196,47
258214,43
258216,8
258268,6
258275,8
258276,4
258299,13
258307,5
258314,11
258323,37
258329,47
258345,2
258371,17
258378,2
258379,4
258385,34
258390,6
258419,3
258438,11
258439,6
258449,38
258453,4
258458,16
258490,5
258504,2
258509,3
258551,4
258573,10
258600,9
258628,12
258638,4
258666,4
258687,8
258695,64
258713,8
258715,4
258732,27
258736,3
258737,12
258738,6
258765,4
258768,5
258772,7
258773,9
258811,4
258813,3
258824,5
258825,9
258846,4
258866,14
258868,6
258898,2
258926,28
258933,6
258944,8
258951,46
258961,2
258967,2
258973,3
258982,10
259009,3
259022,8
259040,3
259041,3
259064,25
259071,8
259087,7
259109,2
259125,5
259135,5
259136,16
259156,6
259157,5
259158,7
259172,38
259180,7
259184,3
259198,41
259208,27
259214,8
259238,52
259262,45
259263,5
259266,4
259288,7
259317,22
259324,63
259327,15
259331,5
259335,4
259348,5
259351,4
259355,6
259361,8
259372,6
259386,40
259390,8
259399,3
259400,74
259409,2
259420,8
259422,3
259426,24
259427,6
259429,4
259434,7
259446,65
259457,18
259460,8
259465,59
259497,4
259526,6
259532,30
259558,5
259581,6
259620,7
259641,5
259677,3
259681,4
259705,4
259709,5
259712,6
259739,8
259749,19
259760,4
259779,36
259791,6
259803,8
259804,4
259806,14
259807,17
259811,10
259829,9
259838,4
259839,65
259861,11
259863,6
259871,2
259882,8
259901,16
259902,8
259904,13
259928,8
259940,14
259996,38
259997,43
260002,11
260008,16
260014,56
260017,3
260018,1
260022,3
260033,67
260044,7
260049,4
260062,29
260073,3
260082,5
260099,6
260102,20
260107,8
260113,6
260122,2
260140,9
260154,4
260169,7
260180,4
260183,4
260200,10
260201,1
260217,2
260221,5
260222,5
260231,19
260244,4
260245,9
260248,5
260318,49
260322,5
260347,11
260359,6
260366,3
260382,9
260394,6
260414,4
260445,26
260465,2
260466,9
260472,10
260473,6
260477,11
260499,8
260507,7
260509,4
260510,4
260546,5
260574,3
260575,3
260587,4
260588,58
260603,4
260605,5
260617,9
260622,12
260639,3
260641,3
260675,10
260681,3
260702,5
260728,6
260734,9
260746,5
260763,7
260781,8
260785,2
260801,6
260803,3
260820,46
260850,4
260856,9
260879,3
260882,4
260884,4
260904,6
260935,64
260945,4
260950,20
261006,15
261008,15
261025,9
261038,19
261040,6
261070,4
261071,7
261081,46
261108,2
261119,9
261121,1
261125,2
261147,4
261149,8
261159,12
261174,16
261192,5
261228,7
261251,4
261265,3
261266,6
261271,8
261305,6
261322,4
261376,1
261381,13
261389,6
261401,10
261411,9
261422,3
261443,3
261445,4
261456,29
261463,12
261480,9
261543,4
261556,5
261566,3
261567,3
261585,12
261610,4
261611,14
261616,9
261617,5
261639,9
261674,9
261720,6
261727,74
261745,62
261753,12
261763,6
261779,4
261785,6
261824,3
261855,8
261857,8
261864,4
261865,23
261867,9
261904,5
261932,12
261940,4
261942,3
261978,20
261986,5
261987,7
262008,6
262041,1
262057,12
262058,5
262071,4
262088,6
262089,4
262092,2
262100,68
262103,6
262142,3
262168,5
262169,4
262170,2
262171,29
262174,8
262175,8
262177,7
262178,3
262227,1
262242,3
262257,7
262290,8
262327,9
262346,7
262362,2
262376,11
262377,6
262459,7
262462,3
262473,6
262475,4
262477,4
262482,12
262492,4
262520,6
262530,4
262534,6
262555,6
262591,6
262624,4
262630,6
262632,5
262635,5
262636,3
262718,4
262722,5
262723,5
262729,4
262737,8
262740,62
262743,5
262770,49
262787,40
262791,17
262792,43
262808,6
262820,3
262823,14
262838,5
262840,6
262847,5
262888,5
262900,8
262904,8
262931,13
262941,1
262942,6
262946,24
262950,58
262956,9
262972,58
262973,3
262987,26
262989,14
262991,4
262996,3
263023,2
263027,9
263053,5
263055,6
263111,61
263115,4
263133,3
263146,3
263151,10
263192,31
263195,15
263203,3
263205,7
263221,8
263233,20
263247,26
263294,7
263295,5
263297,3
263336,41
263342,5
263343,5
263346,6
263348,56
263368,11
263370,4
263378,62
263392,6
263430,12
263447,36
263448,50
263456,5
263468,6
263524,10
263534,8
263566,16
263584,5
263586,6
263611,6
263614,31
263617,3
263630,6
263647,1
263662,13
263684,2
263740,47
263756,7
263758,7
263806,50
263810,7
263828,26
263845,9
263849,2
263854,7
263875,11
263895,8
263904,3
263921,8
263942,7
263948,9
264008,8
264039,6
264051,48
264071,12
264088,6
264117,2
264133,10
264156,7
264194,2
264204,9
264217,61
264219,2
264234,3
264247,2
264254,61
264274,12
264277,44
264316,4
264321,8
264328,7
264338,9
264341,5
264361,13
264367,6
264371,5
264377,6
264387,7
264395,47
264400,8
264407,5
264425,7
264433,15
264469,3
264471,4
264476,3
264482,12
264485,2
264496,12
264504,6
264507,48
264518,10
264522,6
264523,59
264526,8
264541,7
264543,5
264552,7
264571,11
264585,7
264598,19
264648,45
264670,62
264686,69
264690,5
264698,3
264703,20
264719,5
264732,69
264752,73
264764,33
264766,14
264769,18
264780,4
264792,9
264793,10
264794,6
264809,5
264829,5
264838,3
264858,16
264862,5
264870,59
264871,1
264902,8
264904,7
264951,4
264970,6
265002,14
265005,13
265035,5
265036,7
265052,57
265056,44
265077,3
265080,11
265089,4
265097,31
265112,6
265114,4
265128,50
265131,7
265141,17
265151,11
265161,34
265194,4
265199,59
265213,14
265221,7
265233,53
265241,5
265248,4
265261,4
265282,4
265300,12
265303,4
265305,5
265310,58
265326,4
265328,6
265349,71
265365,67
265370,2
265373,6
265374,5
265383,23
265391,12
265409,15
265419,3
265424,12
265426,5
265428,4
265442,4
265444,6
265454,14
265461,3
265462,5
265513,3
265526,10
265530,4
265551,65
265555,6
265573,56
265586,29
265587,6
265592,2
265608,4
265615,6
265645,5
265702,4
265707,11
265718,9
265742,4
265747,2
265748,2
265750,4
265772,9
265774,5
265779,10
265797,7
265807,3
265816,39
265817,6
265822,48
265828,7
265831,3
265832,8
265853,29
265882,18
265910,3
265915,42
265917,29
265921,15
265934,2
265953,2
265957,65
265967,10
265969,9
265975,6
265983,13
265999,4
266010,6
266015,8
266020,5
266040,3
266043,6
266045,5
266057,7
266066,1
266069,6
266073,55
266076,5
266084,31
266132,6
266133,10
266136,46
266140,4
266153,4
266158,17
266160,8
266166,10
266168,10
266184,6
266187,64
266191,6
266195,38
266224,11
266229,10
266252,49
266276,38
266283,6
266285,6
266294,32
266318,37
266341,6
266361,3
266375,3
266384,56
266396,7
266404,12
266431,15
266438,2
266472,3
266486,52
266488,46
266493,3
266499,26
266509,7
266510,39
266544,4
266556,4
266563,65
266565,12
266567,23
266590,6
266600,3
266602,12
266634,18
266641,5
266648,5
266670,4
266679,3
266689,1
266691,37
266695,14
266731,5
266755,20
266756,11
266764,5
266797,17
266811,44
266813,5
266833,38
266839,58
266843,10
266861,8
266867,3
266874,6
266896,4
266919,7
266933,4
266943,11
266966,9
266976,30
267004,6
267035,61
267087,4
267088,7
267135,6
267143,3
267161,5
267188,3
267206,6
267238,5
267277,4
267292,8
267336,4
267339,3
267343,7
267345,4
267381,7
267415,8
267422,6
267435,4
267441,3
267442,9
267450,6
267462,5
267472,13
267482,10
267512,5
267540,6
267549,5
267562,4
267569,2
267577,4
267579,4
267582,15
267593,5
267608,9
267631,4
267638,2
267639,11
267642,4
267651,10
267654,5
267657,13
267661,5
267663,17
267679,23
267690,45
267706,2
267726,4
267730,9
267750,45
267752,4
267760,6
267789,3
267794,18
267816,9
267841,3
267864,9
267865,9
267891,7
267920,11
267927,12
267953,11
267960,8
268014,62
268020,69
268024,10
268026,47
268029,3
268043,4
268047,8
268057,46
268061,5
268062,6
268064,3
268078,3
268096,7
268116,3
268127,3
268128,62
268134,5
268145,9
268164,4
268166,90
268167,4
268184,4
268190,28
268193,6
268204,51
268207,3
268219,8
268236,8
268241,6
268242,7
268250,13
268275,6
268291,10
268303,9
268304,66
268316,4
268340,6
268351,6
268399,7
268400,14
268409,2
268410,3
268413,13
268420,15
268467,15
268506,3
268532,6
268538,12
268547,7
268551,7
268563,60
268570,9
268571,58
268573,6
268583,6
268586,18
268587,13
268589,7
268591,66
268592,12
268603,8
268621,8
268622,5
268642,8
268643,5
268646,9
268652,3
268664,50
268674,39
268676,5
268697,50
268711,3
268731,3
268734,46
268764,51
268765,8
268771,5
268784,6
268795,4
268796,13
268798,4
268800,8
268805,14
268813,10
268828,40
268847,2
268852,19
268862,11
268864,8
268869,6
268882,4
268888,5
268897,57
268905,7
268926,4
268928,7
268943,7
268961,6
268966,3
268977,6
268987,7
268993,6
269003,55
269019,4
269048,10
269075,7
269107,13
269120,5
269130,6
269140,9
269195,4
269204,10
269221,8
269223,67
269224,42
269246,14
269259,5
269270,2
269297,4
269300,40
269309,6
269321,10
269323,9
269376,47
269398,10
269403,8
269406,11
269415,4
269431,2
269465,17
269471,29
269482,7
269484,5
269489,4
269491,6
269510,3
269525,3
269547,10
269563,23
269570,7
269610,4
269618,7
269625,1
269627,15
269651,35
269654,25
269659,8
269671,5
269702,75
269706,8
269731,4
269733,5
269750,64
269757,57
269764,5
269795,3
269802,10
269819,7
269827,3
269834,6
269838,4
269848,6
269877,3
269896,6
269899,7
269909,57
269917,5
269919,8
269934,3
269938,2
269939,12
269945,6
269947,43
269950,3
269951,4
269957,3
269959,6
269966,7
269971,4
269978,2
269979,13
269986,15
269988,5
269991,3
269994,9
269995,2
270013,80
270027,4
270044,31
270047,10
270053,13
270054,8
270058,55
270059,5
270067,15
270079,4
270080,4
270096,42
270112,8
270127,6
270131,4
270151,5
270172,8
270189,6
270203,54
270205,13
270219,30
270235,18
270237,13
270238,6
270255,11
270260,9
270265,51
270271,10
270290,6
270301,4
270303,1
270304,5
270311,4
270321,4
270330,2
270332,4
270341,6
270346,9
270347,4
270356,6
270381,4
270390,3
270395,62
270402,7
270406,16
270416,6
270449,27
270464,18
270465,16
270495,4
270551,7
270571,6
270582,8
270596,6
270601,8
270606,6
270607,2
270614,8
270617,5
270624,54
270626,7
270639,9
270646,2
270649,2
270656,3
270661,5
270689,3
270704,2
270708,6
270712,4
270732,15
270735,36
270743,7
270745,49
270746,6
270753,30
270759,7
270775,65
270781,12
270795,2
270812,4
270814,12
270820,2
270823,5
270829,33
270859,3
270899,3
270902,5
270911,13
270916,10
270926,6
270931,2
270932,4
270937,3
270947,6
270960,8
270981,4
270986,6
271000,6
271010,12
271024,7
271040,10
271060,9
271091,5
271095,16
271099,7
271102,5
271108,64
271143,22
271153,7
271162,6
271171,7
271173,7
271190,5
271191,4
271197,4
271228,4
271234,46
271256,4
271266,53
271267,4
271274,4
271282,5
271322,2
271341,48
271347,15
271348,50
271362,5
271375,4
271390,10
271400,10
271405,14
271406,67
271443,21
271453,22
271463,11
271470,2
271487,5
271488,4
271500,7
271503,13
271517,42
271547,11
271557,5
271582,8
271589,10
271592,5
271598,5
271614,12
271616,37
271621,5
271628,16
271630,3
271636,6
271651,13
271660,8
271661,16
271670,5
271687,6
271689,9
271692,6
271697,13
271716,61
271730,9
271732,9
271735,73
271746,3
271788,4
271801,57
271804,6
271809,67
271812,9
271815,7
271825,4
271846,51
271852,4
271862,30
271867,17
271887,3
271893,55
271906,41
271951,4
271957,9
271971,3
271986,54
271987,8
271990,23
272001,12
272011,51
272012,13
272020,4
272031,44
272032,34
272036,6
272050,7
272053,39
272064,2
272065,1
272076,5
272077,3
272121,12
272129,52
272138,8
272143,34
272149,5
272166,5
272174,55
272182,6
272187,8
272226,19
272250,5
272257,4
272297,4
272307,8
272322,3
272336,11
272362,17
272367,58
272391,4
272400,46
272402,5
272412,3
272418,7
272428,53
272432,7
272439,3
272440,6
272468,3
272505,9
272518,43
272540,7
272549,5
272566,2
272568,17
272581,4
272600,9
272619,9
272629,4
272634,3
272639,9
272646,10
272648,32
272650,56
272659,8
272660,6
272661,6
272672,57
272673,5
272690,12
272691,30
272720,26
272724,5
272733,2
272734,26
272738,2
272759,5
272760,9
272779,7
272780,15
272783,4
272790,3
272871,10
272873,6
272875,5
272883,5
272892,9
272909,55
272915,6
272938,8
272944,14
272967,6
272975,6
272977,5
272987,10
273015,30
273017,72
273034,5
273063,9
273069,7
273077,52
273088,51
273090,15
273099,10
273120,8
273142,7
273154,10
273182,9
273194,2
273210,4
273215,2
273244,8
273254,2
273256,50
273257,5
273279,33
273297,49
273298,51
273332,56
273355,4
273364,57
273365,40
273366,8
273368,5
273379,4
273389,31
273400,13
273409,7
273412,13
273418,18
273423,8
273425,3
273444,1
273472,16
273488,14
273489,12
273490,63
273507,50
273518,4
273519,4
273531,4
273576,3
273596,11
273617,3
273618,6
273619,16
273630,4
273643,37
273651,8
273669,12
273673,15
273684,63
273711,63
273718,15
273727,10
273738,52
273743,6
273744,56
273748,4
273769,7
273797,19
273806,10
273808,6
273810,3
273811,54
273819,7
273846,13
273892,12
273931,3
273951,7
274037,3
274044,4
274051,14
274090,7
274093,19
274094,10
274110,2
274169,3
274187,9
274233,7
274243,4
274266,2
274267,11
274279,3
274289,12
274295,4
274301,4
274350,5
274359,24
274397,5
274425,5
274444,41
274462,41
274487,13
274492,3
274496,5
274513,7
274527,4
274528,5
274535,5
274543,59
274548,4
274551,2
274564,5
274595,5
274614,10
274634,4
274643,34
274644,11
274658,13
274660,8
274661,41
274666,47
274667,72
274672,7
274679,7
274683,4
274685,6
274689,4
274705,7
274708,3
274715,5
274722,3
274740,7
274787,2
274794,4
274803,3
274807,7
274812,3
274817,8
274826,4
274833,11
274848,15
274849,12
274852,12
274861,9
274886,7
274904,4
274916,5
274924,5
274941,14
274944,11
274949,4
274952,43
274963,10
274967,4
275008,16
275013,8
275020,37
275021,7
275045,6
275052,13
275067,8
275068,9
275077,2
275090,5
275113,7
275121,2
275146,20
275162,48
275164,71
275172,4
275210,45
275216,4
275217,51
275218,8
275225,10
275237,8
275257,6
275279,47
275280,41
275282,4
275283,8
275290,12
275302,9
275337,9
275338,7
275348,3
275386,10
275398,46
275403,6
275410,63
275419,4
275430,51
275437,5
275443,3
275475,5
275476,12
275480,24
275482,8
275494,14
275496,10
275529,1
275534,6
275535,49
275564,8
275580,8
275585,4
275590,8
275592,3
275596,50
275601,10
275611,66
275624,15
275640,51
275649,2
275651,10
275680,2
275689,5
275702,6
275740,3
275755,5
275769,8
275781,3
275790,9
275794,6
275800,5
275822,3
275823,15
275862,16
275865,5
275870,6
275878,5
275882,3
275896,3
275897,6
275899,4
275908,53
275916,9
275917,35
275924,3
275928,4
275933,4
275965,4
275966,3
275976,7
275977,50
275980,6
275982,34
275984,7
275999,3
276019,7
276022,15
276033,6
276053,5
276066,21
276077,6
276096,7
276104,13
276113,6
276118,5
276122,6
276123,3
276130,8
276138,20
276142,5
276143,6
276159,4
276160,4
276163,4
276166,2
276169,7
276191,5
276212,4
276221,3
276226,25
276238,8
276240,52
276252,36
276259,11
276297,4
276305,31
276308,6
276310,8
276330,8
276332,12
276338,22
276341,5
276362,5
276373,7
276382,3
276402,42
276433,7
276434,40
276437,12
276448,4
276462,2
276465,8
276494,10
276506,4
276525,47
276549,6
276552,4
276555,66
276564,18
276575,10
276579,52
276582,73
276588,7
276589,7
276594,8
276596,6
276611,48
276633,9
276640,9
276645,4
276671,52
276706,12
276722,6
276734,6
276766,4
276817,3
276819,6
276823,4
276838,6
276841,5
276849,4
276861,54
276867,6
276883,7
276884,18
276892,48
276894,4
276900,4
276902,4
276913,39
276934,8
276936,6
276946,65
276957,15
276970,46
276973,11
276980,11
277012,37
277013,5
277023,8
277024,22
277051,4
277056,3
277087,5
277091,14
277121,14
277133,4
277148,1
277153,12
277159,7
277160,9
277164,12
277177,8
277178,41
277181,84
277189,9
277191,7
277205,2
277213,3
277214,8
277232,7
277237,7
277238,9
277251,6
277252,10
277263,3
277264,10
277266,3
277273,57
277274,5
277279,13
277291,7
277292,50
277304,51
277313,31
277339,6
277341,40
277343,8
277361,6
277393,4
277401,3
277411,30
277447,4
277454,3
277465,42
277468,4
277470,8
277471,13
277480,4
277497,10
277509,8
277524,83
277529,61
277544,7
277560,4
277568,9
277581,6
277583,57
277587,79
277611,4
277635,4
277638,5
277640,4
277647,15
277676,32
277691,12
277699,6
277711,62
277723,5
277732,5
277744,15
277748,40
277766,48
277767,24
277776,7
277784,3
277811,5
277819,12
277821,4
277822,10
277824,13
277830,87
277832,6
277834,9
277837,4
277853,9
277864,4
277888,6
277890,12
277935,4
277994,14
278008,4
278041,8
278046,19
278053,11
278069,8
278072,7
278073,5
278075,63
278078,53
278086,2
278088,47
278096,6
278109,8
278135,44
278145,3
278146,6
278150,4
278153,4
278159,9
278169,51
278208,4
278209,56
278218,55
278223,5
278230,5
278243,3
278244,3
278256,10
278257,5
278261,58
278272,17
278292,3
278302,54
278306,24
278317,9
278328,4
278361,49
278367,11
278372,5
278386,6
278398,2
278411,6
278413,55
278416,2
278425,4
278427,52
278443,4
278446,1
278447,7
278451,6
278462,5
278477,54
278498,5
278508,8
278513,5
278517,3
278541,28
278546,6
278559,6
278571,9
278580,7
278590,7
278593,4
278608,55
278611,15
278625,6
278628,69
278680,2
278681,7
278683,6
278693,6
278725,10
278779,5
278784,14
278787,7
278796,3
278830,7
278840,6
278848,4
278853,4
278857,9
278875,6
278939,20
278948,7
278953,3
278964,22
278971,3
278976,36
278981,46
279003,4
279020,30
279023,5
279043,5
279055,7
279094,6
279115,11
279125,6
279129,18
279136,8
279145,6
279147,82
279152,8
279161,8
279165,3
279169,8
279176,36
279194,5
279195,31
279202,4
279230,10
279254,10
279272,43
279273,46
279274,3
279276,5
279290,50
279313,55
279317,11
279318,13
279321,63
279331,23
279345,60
279347,2
279372,14
279379,7
279380,7
279393,41
279405,36
279418,3
279432,7
279445,14
279450,9
279454,27
279458,12
279471,5
279493,4
279495,4
279497,3
279504,28
279507,61
279508,7
279512,11
279517,47
279522,48
279564,13
279578,4
279579,55
279582,6
279592,4
279595,7
279603,12
279606,45
279614,4
279643,54
279651,33
279655,2
279684,7
279694,3
279701,37
279714,11
279722,7
279761,9
279771,6
279789,3
279804,4
279815,6
279819,7
279820,4
279829,7
279830,2
279837,5
279838,6
279887,61
279909,4
279919,3
279924,63
279929,5
279933,9
279936,83
279940,7
279942,11
279943,46
279946,11
279955,5
279973,7
279994,50
279995,38
280031,9
280033,4
280062,11
280070,7
280105,3
280115,5
280142,5
280149,56
280155,9
280159,8
280171,4
280176,30
280179,13
280187,42
280195,11
280207,3
280227,7
280229,10
280259,17
280269,6
280283,6
280285,26
280286,50
280300,7
280321,6
280326,22
280342,60
280352,8
280359,5
280363,13
280367,3
280406,14
280408,41
280412,5
280416,6
280424,7
280466,3
280473,24
280476,4
280482,50
280496,7
280501,3
280502,5
280513,5
280527,7
280528,6
280542,10
280549,6
280553,8
280560,23
280563,5
280573,9
280575,6
280597,5
280606,28
280617,7
280637,14
280638,4
280645,5
280648,57
280665,22
280671,4
280678,1
280685,7
280717,5
280718,6
280727,5
280731,5
280751,4
280753,58
280758,5
280767,45
280787,70
280797,53
280807,42
280829,10
280839,17
280861,41
280863,6
280890,6
280905,5
280908,57
280918,9
280921,15
280924,6
280932,11
280937,5
280953,4
280965,5
280980,33
280988,7
281009,67
281013,14
281040,68
281042,4
281043,7
281050,3
281052,7
281055,6
281094,7
281119,11
281124,9
281132,4
281147,58
281153,4
281155,13
281168,5
281177,3
281215,5
281223,3
281225,13
281226,51
281243,18
281250,11
281276,3
281279,8
281280,5
281282,3
281324,4
281326,65
281351,16
281386,7
281396,15
281410,6
281421,7
281468,10
281480,5
281484,29
281495,4
281501,6
281510,10
281512,9
281523,8
281531,5
281536,10
281541,8
281544,43
281554,4
281583,18
281584,4
281590,6
281600,55
281601,17
281605,4
281613,4
281615,54
281621,47
281630,1
281634,5
281746,5
281749,59
281776,21
281810,5
281825,5
281834,21
281841,1
281854,14
281863,4
281864,6
281869,32
281872,5
281891,5
281895,27
281896,7
281900,38
281901,15
281931,10
281935,11
281936,53
281938,5
281945,39
281952,27
281960,6
281962,4
281983,50
281988,4
281999,1
282000,2
282005,5
282017,5
282022,9
282024,20
282042,2
282052,5
282056,4
282059,60
282117,7
282122,11
282136,35
282137,6
282141,4
282157,7
282161,9
282165,10
282182,3
282183,26
282199,30
282205,3
282231,87
282236,17
282247,49
282259,8
282280,50
282285,2
282308,7
282315,7
282334,33
282389,4
282390,5
282400,13
282448,5
282454,5
282483,11
282520,5
282525,18
282554,41
282560,6
282563,12
282583,6
282584,11
282601,7
282618,5
282629,6
282646,2
282657,40
282664,48
282665,52
282671,10
282679,45
282702,8
282706,9
282721,5
282724,13
282740,9
282752,43
282795,3
282809,5
282815,9
282824,6
282853,3
282859,47
282864,8
282868,6
282878,5
282891,8
282912,5
282913,61
282916,11
282940,4
282949,42
282964,6
282973,6
282992,14
282993,23
283024,4
283057,8
283065,4
283072,47
283076,10
283081,71
283098,17
283120,4
283129,49
283144,40
283154,6
283157,14
283192,8
283198,4
283212,1
283217,38
283218,4
283222,6
283225,4
283226,2
283277,22
283282,6
283318,46
283323,44
283339,3
283345,1
283347,34
283353,3
283357,63
283360,8
283383,9
283385,10
283389,61
283437,6
283448,2
283471,12
283476,8
283497,4
283501,48
283514,5
283528,13
283540,21
283550,26
283557,24
283577,4
283600,25
283606,5
283626,42
283630,7
283634,8
283638,42
283652,5
283660,5
283694,10
283732,6
283745,3
283776,6
283778,5
283781,5
283784,34
283786,11
283817,5
283831,10
283833,8
283838,3
283857,5
283861,10
283866,20
283872,2
283875,2
283878,7
283879,4
283889,4
283898,7
283900,6
283902,6
283906,61
283921,29
283922,61
283928,42
283929,9
283981,44
284014,5
284034,6
284046,3
284064,11
284065,5
284067,4
284080,8
284088,2
284099,15
284101,11
284121,3
284123,59
284128,54
284157,4
284161,46
284184,3
284190,8
284193,3
284205,4
284213,49
284235,5
284269,4
284276,2
284299,15
284310,7
284316,5
284328,5
284331,13
284339,53
284345,8
284350,10
284382,14
284400,7
284407,8
284408,11
284417,16
284424,10
284450,5
284456,7
284468,19
284478,45
284480,6
284482,7
284494,7
284499,64
284504,4
284507,7
284517,5
284558,20
284562,8
284564,34
284574,6
284581,1
284586,5
284587,60
284593,6
284609,10
284619,25
284623,5
284639,5
284644,9
284647,32
284658,4
284660,6
284687,37
284699,4
284709,11
284727,49
284739,11
284748,8
284762,11
284765,12
284781,60
284789,39
284796,3
284804,8
284850,7
284857,56
284877,35
284892,14
284895,7
284918,5
284937,36
284962,5
284964,13
284968,4
284974,42
284976,4
284979,26
284981,7
284994,7
284998,25
285005,5
285006,8
285014,20
285020,3
285031,1
285046,6
285054,6
285072,4
285074,5
285083,52
285093,37
285115,11
285142,2
285143,5
285164,12
285184,9
285188,9
285189,22
285197,35
285219,22
285220,61
285274,4
285300,15
285306,4
285350,11
285368,42
285376,8
285377,8
285380,38
285402,3
285421,8
285498,11
285503,7
285575,10
285576,2
285595,8
285629,9
285649,13
285696,6
285713,4
285717,3
285734,12
285782,4
285788,12
285799,2
285872,9
285900,13
285921,4
285922,5
285926,4
285928,9
285946,44
285975,9
285984,57
285987,10
285999,5
286015,6
286029,56
286032,2
286034,39
286063,6
286092,5
286105,4
286106,5
286137,6
286139,6
286141,9
286150,11
286156,2
286162,10
286165,0
286171,3
286181,17
286193,42
286206,4
286211,6
286219,4
286222,15
286225,6
286234,7
286246,13
286251,10
286256,8
286264,8
286286,14
286293,16
286305,4
286326,5
286329,9
286331,15
286341,5
286349,13
286364,16
286369,9
286370,6
286376,10
286419,6
286421,7
286431,77
286444,4
286465,48
286475,9
286476,50
286479,5
286500,5
286503,7
286528,7
286532,2
286543,9
286564,54
286583,10
286587,7
286592,52
286601,5
286604,4
286606,6
286616,6
286623,4
286666,44
286689,34
286694,24
286700,3
286708,3
286724,4
286731,5
286757,13
286763,4
286764,14
286765,9
286767,10
286768,4
286773,6
286779,7
286780,5
286793,11
286796,6
286802,6
286803,3
286822,4
286839,7
286843,3
286862,4
286898,4
286903,5
286917,4
286937,6
286950,12
286952,2
286962,8
286968,10
286994,5
287001,4
287010,9
287038,72
287045,11
287047,4
287055,3
287057,4
287082,12
287095,7
287102,6
287116,61
287134,7
287137,32
287141,46
287146,4
287156,4
287157,19
287161,4
287167,4
287172,4
287185,3
287201,47
287206,3
287214,9
287234,8
287245,54
287255,3
287260,73
287268,6
287269,10
287272,8
287273,7
287288,11
287295,15
287328,11
287333,3
287348,2
287375,58
287390,5
287392,4
287423,3
287451,88
287452,4
287472,5
287478,7
287500,8
287527,8
287530,5
287544,3
287547,3
287574,8
287631,5
287632,5
287636,2
287665,55
287695,4
287700,5
287706,2
287726,6
287746,6
287762,13
287769,4
287772,10
287783,48
287784,4
287805,7
287817,6
287823,4
287826,3
287846,7
287878,45
287892,10
287924,7
287926,40
287932,2
287945,3
287947,44
287954,3
287956,4
287958,29
287960,4
287966,10
287973,5
287980,41
287982,3
288006,4
288044,3
288061,46
288073,6
288074,7
288088,46
288100,4
288112,7
288132,4
288139,9
288140,2
288141,2
288148,14
288154,7
288175,4
288181,16
288186,9
288193,5
288220,42
288233,4
288248,7
288260,5
288294,4
288296,5
288302,4
288305,43
288319,6
288349,45
288352,50
288366,6
288367,9
288376,4
288385,4
288390,35
288441,2
288444,5
288477,3
288483,5
288486,6
288488,5
288510,15
288523,6
288529,6
288531,4
288592,9
288594,37
288621,12
288625,2
288631,5
288638,3
288641,5
288642,7
288650,11
288665,38
288670,4
288671,4
288674,43
288676,6
288703,49
288729,7
288746,43
288794,3
288798,26
288807,5
288811,8
288838,4
288855,4
288859,3
288875,12
288884,6
288896,50
288898,9
288908,7
288910,52
288913,1
288917,7
288941,6
288942,8
288962,5
288992,17
288996,48
288997,8
289006,3
289019,2
289040,8
289047,4
289059,2
289086,9
289088,16
289098,3
289113,44
289126,68
289127,57
289149,7
289154,11
289168,9
289180,3
289190,5
289203,13
289214,55
289215,4
289247,11
289256,26
289258,6
289260,6
289263,19
289275,5
289278,2
289284,7
289293,65
289307,7
289312,8
289313,36
289316,10
289327,10
289338,7
289350,7
289355,6
289356,49
289364,5
289365,3
289374,5
289380,7
289393,5
289404,2
289409,8
289413,5
289421,15
289424,3
289426,9
289470,9
289497,3
289501,5
289506,9
289582,5
289587,7
289590,49
289609,7
289611,48
289613,6
289614,4
289621,22
289663,10
289668,7
289709,26
289717,61
289733,5
289745,6
289749,9
289777,3
289780,20
289796,12
289808,11
289821,3
289836,6
289841,54
289849,54
289855,6
289857,62
289864,0
289865,11
289894,69
289904,22
289912,72
289925,3
289934,9
289937,3
289955,10
289973,5
289978,6
289988,5
290001,4
290009,34
290013,4
290070,5
290072,12
290112,11
290130,41
290132,10
290167,3
290207,10
290231,7
290245,34
290282,7
290306,7
290308,3
290317,7
290328,16
290336,46
290355,10
290365,4
290369,42
290372,10
290375,94
290388,8
290392,12
290418,13
290422,28
290424,47
290432,8
290436,5
290441,10
290442,3
290446,12
290459,8
290463,9
290480,46
290515,19
290516,4
290517,4
290518,3
290520,49
290524,5
290548,5
290574,3
290580,42
290590,3
290594,3
290655,7
290676,6
290682,4
290707,33
290731,11
290760,4
290768,35
290779,5
290788,75
290798,7
290809,4
290815,72
290821,15
290838,3
290839,5
290850,43
290851,49
290859,32
290870,4
290887,5
290918,5
290925,45
290928,52
290963,51
290996,81
290997,8
291012,5
291015,24
291025,43
291027,66
291030,3
291034,11
291049,3
291054,60
291059,47
291060,5
291073,4
291081,4
291082,6
291088,5
291119,50
291137,8
291143,4
291146,2
291156,6
291157,51
291159,7
291161,18
291162,9
291176,6
291177,4
291178,5
291191,11
291192,6
291201,58
291235,6
291255,56
291266,55
291278,27
291284,51
291291,5
291292,3
291339,50
291343,14
291351,60
291365,7
291366,4
291371,35
291385,44
291401,2
291410,38
291413,55
291415,60
291424,45
291432,59
291484,2
291486,4
291516,14
291519,11
291548,8
291552,10
291574,57
291576,9
291583,50
291593,7
291595,7
291601,5
291610,10
291612,7
291622,9
291632,8
291658,50
291661,8
291664,12
291668,6
291673,15
291687,6
291724,6
291751,12
291760,5
291789,11
291792,74
291805,6
291806,4
291812,42
291834,6
291839,4
291850,6
291856,10
291864,7
291883,38
291891,16
291893,62
291898,3
291900,11
291901,3
291903,5
291907,17
291911,8
291922,7
291934,10
291938,6
291953,34
291954,8
291956,3
291959,12
291979,5
291984,48
291989,5
291996,3
291998,6
292003,16
292005,69
292014,15
292033,7
292034,68
292040,3
292048,5
292057,43
292069,4
292070,8
292071,51
292084,6
292091,28
292092,50
292095,2
292098,14
292120,10
292124,4
292126,8
292147,2
292149,5
292150,10
292155,8
292164,11
292166,6
292170,40
292171,5
292174,12
292187,5
292198,3
292222,50
292237,15
292239,5
292256,4
292264,45
292271,12
292274,4
292282,11
292292,47
292300,2
292326,8
292338,6
292349,5
292360,3
292374,13
292375,4
292380,52
292387,37
292400,11
292411,53
292438,10
292449,6
292452,31
292464,34
292465,53
292468,34
292507,5
292525,2
292531,6
292550,6
292577,7
292588,5
292599,12
292610,66
292630,4
292647,5
292649,1
292700,15
292705,6
292725,5
292731,5
292735,5
292736,63
292746,4
292749,3
292774,7
292776,4
292790,57
292806,26
292821,3
292823,12
292833,61
292837,7
292839,6
292884,8
292885,7
292890,7
292913,4
292936,3
292962,5
292976,67
292982,10
292992,4
293013,4
293015,5
293024,42
293032,36
293034,6
293041,53
293050,5
293056,16
293065,7
293067,8
293087,6
293088,9
293117,3
293128,1
293140,63
293143,10
293151,10
293156,11
293173,3
293194,8
293246,3
293249,4
293268,6
293270,64
293277,2
293283,6
293289,6
293291,6
293297,8
293308,9
293329,4
293347,4
293348,47
293356,65
293360,19
293383,49
293392,6
293401,1
293402,6
293420,32
293422,4
293426,6
293435,8
293440,10
293456,5
293459,10
293464,6
293472,3
293488,52
293490,11
293493,8
293508,7
293596,39
293600,3
293607,6
293611,5
293624,43
293635,5
293650,4
293653,58
293654,49
293658,4
293668,10
293684,11
293685,10
293688,5
293696,13
293719,45
293737,6
293747,37
293749,4
293751,2
293752,4
293756,6
293763,45
293775,48
293784,10
293806,2
293815,4
293822,3
293834,5
293860,5
293867,2
293873,3
293876,5
293887,11
293931,5
293971,6
293972,5
293976,4
293978,8
293986,7
294006,42
294027,84
294033,4
294042,8
294053,11
294054,3
294056,7
294098,14
294104,39
294106,6
294110,15
294114,38
294127,6
294133,7
294136,56
294137,11
294141,14
294149,49
294165,41
294192,11
294203,6
294221,3
294225,4
294243,4
294247,6
294251,6
294252,9
294271,4
294305,8
294309,6
294318,14
294319,37
294321,4
294360,41
294362,7
294373,56
294382,4
294390,6
294436,20
294444,6
294463,48
294466,28
294471,11
294482,14
294483,7
294490,14
294494,5
294511,4
294518,8
294519,64
294524,53
294525,80
294534,3
294535,52
294551,2
294587,12
294590,11
294600,4
294613,48
294631,48
294633,54
294642,42
294652,12
294665,20
294668,81
294693,9
294697,1
294700,13
294707,11
294716,20
294732,41
294733,4
294746,7
294763,27
294770,2
294773,53
294775,12
294776,4
294807,8
294816,3
294823,2
294828,6
294833,14
294839,65
294872,10
294897,12
294898,8
294903,1
294910,11
294917,6
294924,4
294925,11
294945,48
294951,4
294959,5
294968,11
294970,4
294979,2
294989,64
295007,17
295024,5
295037,4
295046,10
295049,50
295056,30
295059,44
295073,12
295113,4
295116,6
295118,4
295131,7
295132,4
295133,13
295137,10
295141,5
295170,7
295194,6
295224,4
295225,4
295226,3
295253,7
295264,4
295276,6
295288,7
295304,52
295325,50
295327,54
295330,10
295333,12
295344,12
295345,4
295348,58
295361,3
295369,48
295391,7
295416,4
295421,10
295438,5
295455,4
295458,6
295481,5
295484,18
295496,5
295516,4
295547,3
295554,5
295563,13
295565,8
295569,8
295574,48
295577,9
295583,6
295592,4
295622,6
295635,40
295655,6
295666,4
295674,9
295689,41
295696,69
295700,41
295701,9
295706,6
295712,5
295713,6
295714,4
295739,4
295744,8
295824,11
295855,1
295866,8
295867,11
295877,14
295904,13
295948,39
295953,4
295959,51
295961,5
295969,10
295992,29
296012,3
296013,2
296015,55
296055,8
296106,17
296109,6
296116,5
296121,5
296126,5
296128,8
296130,4
296167,5
296172,31
296183,6
296206,8
296212,13
296259,9
296280,53
296307,54
296310,37
296312,30
296319,48
296320,77
296334,30
296348,33
296354,3
296386,66
296392,7
296397,5
296431,51
296449,26
296453,6
296460,10
296499,6
296502,1
296525,6
296532,54
296550,32
296563,4
296568,4
296571,3
296573,7
296577,78
296598,3
296599,4
296602,1
296604,30
296624,13
296671,7
296676,7
296690,4
296698,11
296719,7
296722,3
296747,12
296752,4
296761,3
296779,2
296819,47
296821,32
296826,3
296835,2
296845,4
296846,13
296863,8
296869,45
296891,24
296906,5
296927,9
296944,62
296964,4
296989,13
296991,65
296993,6
296996,5
297059,7
297078,64
297079,8
297134,3
297139,4
297142,5
297156,12
297164,4
297192,14
297195,4
297200,8
297221,5
297222,14
297224,34
297244,5
297259,4
297264,2
297274,47
297317,7
297336,38
297342,21
297343,28
297344,15
297353,31
297371,4
297394,62
297403,3
297404,3
297435,7
297438,7
297439,10
297441,2
297455,8
297464,4
297485,4
297488,21
297491,55
297492,5
297496,7
297514,6
297539,8
297546,50
297550,3
297552,9
297559,39
297569,6
297574,8
297584,6
297606,2
297625,17
297632,3
297637,7
297668,10
297672,7
297675,11
297698,4
297699,46
297705,5
297714,6
297718,77
297723,29
297743,65
297764,50
297787,8
297819,7
297823,49
297835,44
297841,7
297846,41
297856,7
297863,10
297865,5
297867,4
297873,8
297875,3
297890,9
297917,5
297934,7
297936,8
297942,11
297946,7
297977,5
298006,7
298032,5
298034,5
298036,12
298052,5
298055,7
298091,5
298105,4
298109,6
298116,4
298122,5
298123,5
298166,4
298178,6
298186,51
298191,6
298195,11
298202,9
298218,8
298227,8
298231,5
298232,59
298233,40
298238,8
298257,4
298265,7
298268,5
298278,11
298334,4
298408,11
298423,54
298444,3
298447,42
298449,52
298472,8
298476,9
298490,58
298492,14
298497,14
298502,5
298503,44
298510,9
298539,64
298540,10
298550,7
298567,64
298582,3
298591,46
298620,4
298633,59
298639,7
298643,12
298668,6
298706,6
298769,37
298783,12
298788,11
298799,5
298819,8
298834,3
298838,8
298839,56
298872,47
298883,6
298884,8
298905,4
298933,5
298934,12
298937,19
298939,5
298945,26
298947,14
298954,8
298961,3
298967,8
298970,13
298972,51
298973,49
299008,47
299030,8
299040,51
299044,5
299063,6
299068,1
299084,6
299094,7
299100,6
299108,10
299110,3
299111,6
299118,6
299124,3
299133,4
299138,7
299178,9
299187,2
299194,14
299196,9
299204,1
299207,12
299218,5
299240,6
299241,13
299248,7
299258,3
299272,5
299284,3
299289,2
299305,6
299327,5
299336,3
299337,6
299351,7
299352,6
299365,20
299395,4
299413,48
299414,8
299426,2
299448,5
299485,72
299498,4
299504,2
299531,2
299549,5
299557,3
299560,7
299561,3
299563,3
299566,8
299573,4
299594,48
299596,4
299637,13
299641,3
299664,24
299705,3
299715,4
299737,6
299744,7
299746,6
299750,5
299761,10
299771,3
299790,93
299803,2
299820,6
299833,47
299838,47
299841,55
299846,5
299854,4
299855,59
299888,55
299910,8
299945,8
299971,9
299980,47
299996,5
300004,4
300012,2
300020,7
300023,55
300025,9
300046,11
300049,43
300052,54
300059,16
300065,16
300066,8
300080,14
300098,8
300105,3
300111,70
300134,9
300141,4
300158,6
300172,47
300189,7
300190,3
300191,4
300197,5
300203,3
300225,49
300229,6
300238,20
300246,53
300263,7
300270,21
300281,6
300285,14
300292,10
300305,5
300307,15
300317,5
300325,3
300333,8
300338,52
300340,27
300354,2
300372,14
300381,3
300394,6
300401,100
300413,2
300416,8
300436,50
300439,4
300467,6
300474,69
300475,6
300479,6
300480,6
300483,55
300492,6
300504,6
300508,11
300509,5
300513,5
300521,5
300525,43
300537,7
300541,3
300545,54
300552,12
300556,4
300563,7
300581,5
300606,30
300639,17
300648,43
300655,7
300663,6
300674,3
300702,2
300713,12
300730,62
300741,9
300744,4
300753,25
300779,46
300789,6
300793,4
300795,52
300802,9
300807,9
300824,18
300836,9
300856,13
300870,11
300872,4
300876,7
300893,4
300902,2
300905,5
300912,47
300922,49
300923,12
300930,79
300932,54
300939,7
300945,64
300960,5
300969,4
300984,7
300992,6
301023,68
301028,7
301047,4
301065,37
301073,32
301094,4
301103,5
301126,5
301145,7
301150,24
301156,10
301179,63
301211,37
301212,8
301238,57
301246,14
301249,4
301257,9
301309,8
301311,54
301338,53
301345,13
301365,33
301392,54
301398,46
301418,11
301422,4
301426,5
301440,11
301449,7
301480,4
301491,33
301492,11
301495,9
301497,4
301498,8
301513,5
301526,6
301548,9
301617,4
301619,56
301644,4
301674,43
301675,4
301682,3
301690,7
301693,4
301723,6
301738,65
301742,4
301760,10
301763,11
301778,5
301787,4
301804,7
301821,6
301827,5
301842,3
301843,4
301879,7
301885,68
301894,6
301899,8
301920,47
301930,13
301950,6
301954,3
301957,4
301975,5
302018,10
302020,4
302029,11
302039,4
302050,96
302056,92
302065,5
302074,45
302076,4
302084,7
302088,2
302109,41
302155,3
302163,3
302170,16
302177,52
302179,1
302184,9
302187,0
302193,35
302201,5
302205,7
302225,5
302231,45
302234,7
302237,6
302243,66
302253,66
302257,10
302261,11
302268,13
302286,6
302299,6
302308,61
302309,7
302323,42
302353,3
302371,6
302373,11
302377,30
302389,6
302403,6
302419,7
302422,18
302459,85
302502,4
302526,6
302533,29
302564,2
302589,7
302594,6
302604,22
302622,43
302652,6
302657,6
302663,6
302674,4
302687,4
302695,6
302700,3
302724,46
302727,6
302736,9
302741,40
302769,3
302772,65
302794,8
302823,5
302875,11
302884,3
302902,6
302903,5
302904,48
302922,11
302949,33
302959,9
302990,1
303027,7
303028,4
303040,37
303049,5
303050,5
303075,8
303078,3
303082,15
303090,8
303095,4
303101,3
303139,7
303168,6
303193,6
303211,4
303223,4
303239,70
303243,15
303281,12
303288,12
303295,4
303314,40
303342,9
303347,4
303350,6
303364,10
303370,8
303406,3
303423,13
303428,72
303429,4
303431,9
303442,12
303453,60
303457,6
303469,10
303473,5
303484,7
303528,48
303551,40
303567,5
303570,47
303575,8
303609,42
303618,41
303625,44
303631,8
303632,55
303634,6
303645,7
303650,9
303656,5
303662,3
303670,7
303697,15
303700,3
303706,4
303717,51
303728,6
303733,4
303769,2
303783,6
303862,7
303890,9
303894,44
303897,5
303914,16
303933,50
303940,10
303949,2
303982,3
303988,44
303990,7
303992,65
303994,7
303995,2
304002,6
304022,4
304028,5
304033,44
304043,3
304056,4
304073,7
304078,16
304092,5
304130,9
304146,8
304182,9
304187,53
304213,7
304216,7
304222,6
304254,6
304256,34
304260,13
304270,7
304271,7
304306,4
304314,12
304315,6
304328,5
304368,4
304395,13
304403,5
304418,5
304435,3
304439,48
304443,49
304449,58
304453,48
304456,4
304478,29
304482,13
304499,2
304525,4
304561,43
304562,11
304582,2
304584,6
304595,9
304623,12
304641,16
304650,8
304680,9
304682,8
304702,10
304776,2
304785,11
304789,38
304815,28
304843,2
304913,6
304919,3
304940,8
304946,41
304947,7
304966,26
304970,17
304971,5
304982,21
304998,14
305008,6
305009,14
305044,7
305048,4
305055,11
305063,6
305081,7
305098,7
305102,72
305103,62
305106,53
305136,8
305138,6
305161,4
305183,49
305221,1
305231,8
305260,41
305264,5
305295,11
305301,4
305303,2
305309,12
305318,11
305323,6
305330,3
305338,5
305356,10
305368,6
305372,6
305374,10
305397,7
305401,3
305402,7
305405,7
305418,7
305431,4
305432,4
305437,56
305472,12
305477,8
305490,50
305525,11
305529,9
305553,3
305572,4
305573,6
305576,4
305577,6
305582,6
305603,2
305604,50
305608,4
305613,6
305619,64
305624,6
305625,11
305626,14
305629,33
305638,5
305667,8
305679,37
305714,39
305741,7
305750,3
305753,54
305756,10
305770,30
305789,9
305798,79
305808,5
305817,5
305832,34
305849,4
305851,14
305877,5
305911,4
305927,6
305939,5
305947,9
305970,58
305974,55
305981,15
306000,11
306010,5
306034,9
306035,5
306051,11
306095,51
306103,5
306161,4
306181,2
306201,6
306205,6
306222,10
306236,59
306239,53
306251,4
306253,2
306269,3
306270,5
306272,4
306316,6
306317,10
306322,9
306326,4
306335,2
306355,2
306359,31
306367,3
306373,4
306384,11
306386,6
306387,8
306388,5
306413,11
306447,7
306449,49
306453,3
306488,11
306506,11
306519,36
306530,5
306560,43
306575,5
306596,5
306616,8
306639,23
306655,12
306658,6
306674,6
306689,53
306708,55
306716,6
306750,6
306751,15
306754,5
306760,12
306777,4
306788,9
306796,6
306798,6
306799,3
306825,59
306826,50
306863,51
306864,4
306865,6
306913,11
306949,31
306975,5
306977,6
306982,56
306991,2
307022,35
307025,9
307034,3
307039,10
307049,7
307075,3
307111,8
307114,12
307123,55
307175,6
307180,5
307220,10
307262,2
307270,38
307273,8
307280,13
307324,5
307331,4
307346,5
307382,8
307390,18
307397,6
307426,52
307427,4
307428,3
307431,6
307454,40
307464,38
307465,5
307498,5
307519,4
307525,5
307528,12
307535,34
307555,3
307579,10
307589,8
307598,6
307604,5
307625,8
307626,48
307630,42
307632,1
307633,5
307641,7
307654,5
307660,9
307663,17
307669,8
307673,5
307681,5
307696,12
307709,52
307747,73
307761,8
307773,11
307796,53
307825,8
307856,49
307857,54
307863,9
307865,7
307887,13
307892,73
307893,46
307932,6
307935,21
307947,9
307969,52
307971,51
307973,9
307996,54
308001,8
308004,3
308020,79
308035,55
308048,56
308053,34
308058,2
308070,8
308088,60
308092,7
308094,13
308110,3
308111,6
308127,3
308143,5
308148,7
308170,6
308173,5
308178,49
308197,13
308201,52
308220,7
308242,5
308244,32
308246,3
308255,5
308258,10
308279,7
308286,12
308322,49
308344,10
308360,53
308396,6
308401,7
308406,6
308408,4
308421,3
308432,6
308443,56
308467,12
308469,9
308477,9
308482,3
308486,38
308490,44
308494,4
308501,15
308536,38
308584,2
308589,12
308595,96
308597,8
308609,4
308622,75
308633,10
308638,96
308663,6
308664,4
308728,1
308739,4
308776,5
308783,5
308796,6
308813,64
308825,12
308826,3
308844,9
308845,5
308865,7
308866,62
308893,5
308919,7
308934,3
308950,46
308983,8
309008,2
309029,58
309057,5
309069,8
309099,5
309138,2
309151,31
309173,3
309189,5
309196,17
309204,12
309223,5
309254,2
309264,4
309265,4
309268,16
309279,6
309287,11
309290,13
309319,9
309333,4
309336,5
309338,10
309363,6
309375,53
309392,4
309411,46
309415,4
309417,3
309479,7
309482,16
309489,4
309491,4
309495,4
309511,6
309571,47
309580,8
309596,48
309613,63
309663,3
309666,16
309668,6
309675,14
309692,28
309700,5
309713,7
309737,4
309742,49
309743,9
309784,3
309787,8
309812,5
309836,5
309844,8
309847,7
309871,5
309915,5
309926,8
309927,11
309954,3
309963,32
309969,15
309984,7
309999,3
310037,8
310042,5
310056,6
310064,7
310072,52
310081,13
310086,13
310132,45
310152,5
310155,4
310160,63
310173,8
310174,8
310182,4
310193,49
310235,3
310237,5
310240,6
310242,8
310245,9
310254,15
310255,10
310268,54
310317,5
310319,56
310325,5
310326,4
310358,4
310367,4
310379,28
310382,66
310388,7
310389,8
310419,8
310427,30
310432,5
310439,6
310442,4
310446,5
310450,6
310452,12
310470,2
310481,3
310483,6
310484,69
310489,10
310503,10
310506,4
310507,9
310511,45
310524,3
310525,4
310546,56
310578,5
310581,15
310593,5
310594,35
310604,4
310607,5
310612,5
310618,33
310620,4
310629,8
310643,5
310645,4
310649,2
310654,6
310659,31
310687,3
310688,9
310705,56
310725,10
310741,52
310746,4
310749,54
310774,5
310791,6
310849,32
310878,10
310884,6
310890,14
310905,4
310920,4
310923,3
310941,6
310969,4
310975,31
310981,67
310982,13
311001,5
311005,15
311007,3
311013,5
311014,66
311048,7
311075,43
311131,5
311147,51
311150,2
311154,9
311158,5
311164,8
311168,5
311171,32
311182,6
311191,87
311236,2
311248,67
311281,3
311299,6
311325,5
311328,5
311392,9
311406,4
311411,5
311415,32
311426,4
311438,9
311441,4
311503,14
311505,13
311550,25
311557,6
311568,4
311593,31
311631,3
311633,8
311667,5
311694,46
311696,14
311709,7
311711,20
311718,4
311725,5
311759,8
311760,11
311790,5
311805,9
311821,12
311828,44
311830,81
311864,39
311869,5
311881,39
311887,3
311918,6
311940,4
311942,5
311952,2
311976,5
312011,4
312018,1
312061,4
312074,6
312118,8
312143,2
312150,5
312157,15
312166,3
312177,6
312178,5
312197,6
312232,38
312233,11
312244,7
312247,9
312251,4
312261,5
312269,4
312274,7
312285,3
312299,10
312300,2
312364,12
312375,21
312383,5
312401,3
312414,9
312416,2
312443,2
312462,3
312465,4
312486,4
312494,3
312495,38
312511,7
312550,7
312554,5
312570,5
312646,7
312655,7
312668,9
312701,8
312706,7
312734,10
312767,42
312786,2
312790,6
312823,5
312830,5
312831,57
312854,45
312856,6
312859,7
312864,5
312903,38
312917,7
312932,3
312944,5
312951,34
312976,5
313030,51
313042,3
313064,50
313113,4
313132,2
313134,9
313154,31
313169,6
313190,47
313192,53
313197,10
313202,12
313224,7
313229,5
313234,52
313235,8
313238,42
313241,9
313248,18
313253,55
313262,6
313273,4
313277,23
313318,10
313319,17
313322,49
313328,7
313348,4
313349,45
313373,8
313375,60
313384,4
313385,37
313416,53
313440,5
313448,10
313461,3
313480,55
313529,4
313533,5
313535,43
313562,16
313578,4
313589,20
313590,40
313617,93
313647,7
313675,14
313680,9
313683,3
313685,6
313690,39
313696,8
313723,11
313732,49
313737,1
313751,6
313767,49
313772,40
313777,37
313788,32
313794,5
313810,6
313815,5
313821,4
313826,15
313831,9
313838,30
313874,7
313887,4
313905,22
313941,55
313955,6
313998,11
313999,5
314000,4
314013,7
314025,6
314098,7
314110,89
314114,4
314117,6
314127,9
314178,5
314180,7
314188,61
314193,16
314233,7
314239,3
314275,7
314284,9
314297,11
314303,4
314357,4
314376,53
314382,35
314393,11
314398,7
314399,5
314404,34
314408,8
314425,52
314439,47
314453,4
314455,6
314470,52
314481,40
314493,6
314497,14
314518,41
314544,48
314566,8
314582,6
314593,6
314604,29
314636,8
314677,6
314681,41
314692,3
314711,8
314716,3
314725,44
314732,15
314760,52
314761,5
314766,7
314815,2
314819,2
314827,5
314835,7
314836,5
314843,4
314851,6
314878,8
314881,3
314901,8
314918,47
314935,7
314956,7
314964,5
314975,42
314978,5
314990,2
315007,40
315030,8
315081,5
315104,6
315109,37
315204,16
315225,15
315245,7
315247,3
315258,16
315259,60
315269,11
315279,28
315283,52
315338,100
315349,54
315376,26
315379,72
315383,13
315385,5
315393,5
315440,37
315458,14
315461,5
315492,11
315591,2
315601,59
315604,5
315630,46
315664,8
315673,44
315701,2
315710,23
315715,3
315720,49
315736,8
315739,3
315752,5
315767,3
315781,3
315783,60
315793,65
315811,47
315830,31
315853,4
315870,8
315888,7
315929,8
315933,50
315968,47
316009,8
316013,41
316035,4
316036,18
316066,7
316078,4
316108,11
316110,4
316139,4
316188,15
316189,3
316190,9
316199,7
316202,44
316208,4
316223,8
316237,4
316244,2
316363,12
316389,5
316401,6
316407,8
316412,7
316416,4
316436,5
316448,6
316481,8
316484,10
316544,10
316623,7
316673,3
316679,3
316680,3
316710,55
316726,10
316743,8
316837,6
316853,44
316884,6
316895,6
316921,42
316934,3
316952,3
316982,7
316985,6
316988,16
316994,11
317058,48
317060,4
317087,7
317139,58
317149,7
317170,7
317173,56
317178,49
317179,64
317180,8
317187,52
317199,29
317215,46
317223,6
317238,7
317257,20
317279,30
317298,2
317302,84
317309,79
317320,53
317321,58
317333,3
317344,7
317353,5
317356,6
317357,13
317365,47
317370,9
317379,41
317383,10
317389,38
317411,9
317413,6
317421,4
317437,38
317464,7
317468,6
317474,6
317502,11
317511,4
317521,10
317523,38
317525,12
317564,6
317574,42
317576,44
317607,4
317649,9
317669,4
317701,62
317704,12
317711,5
317723,10
317727,6
317752,11
317763,6
317772,9
317773,5
317787,2
317789,5
317798,6
317801,17
317810,6
317823,2
317918,6
317926,2
317978,5
317998,6
318009,60
318048,4
318067,17
318072,17
318081,5
318084,8
318091,4
318096,10
318160,8
318167,9
318168,62
318177,83
318183,4
318201,30
318235,14
318265,55
318274,5
318290,4
318307,9
318331,4
318344,8
318349,3
318364,13
318377,51
318383,4
318401,3
318416,1
318419,11
318439,6
318458,3
318476,55
318500,9
318503,56
318539,4
318540,4
318569,10
318572,5
318576,6
318579,64
318594,69
318613,8
318626,8
318643,9
318645,49
318646,8
318653,6
318683,6
318695,7
318704,42
318710,62
318711,14
318718,15
318727,2
318734,4
318750,8
318752,5
318782,4
318831,6
318878,3
318911,4
318920,12
318936,22
318968,6
318990,7
319013,26
319022,17
319057,9
319061,7
319065,7
319069,10
319071,40
319146,3
319166,10
319201,8
319225,41
319253,9
319279,3
319289,7
319290,7
319316,5
319404,9
319407,49
319418,67
319436,5
319486,5
319504,53
319518,11
319537,3
319547,5
319550,41
319552,3
319573,14
319594,4
319637,55
319656,18
319692,39
319694,66
319712,3
319753,5
319781,8
319825,13
319839,63
319849,4
319865,41
319923,4
320000,32
320015,3
320022,5
320038,17
320040,6
320070,9
320101,16
320159,11
320161,4
320212,3
320286,52
320324,6
320346,6
320374,4
320378,57
320386,5
320401,3
320438,7
320482,52
320516,4
320531,29
320579,60
320605,3
320666,5
320678,4
320704,4
320732,4
320738,6
320748,9
320767,15
320774,10
320790,48
320791,5
320806,39
320810,24
320834,12
320837,4
320847,12
320852,11
320893,53
320920,47
320931,9
320946,9
320953,38
320959,6
320960,3
320966,44
320971,45
320995,15
321025,6
321037,3
321041,2
321057,3
321067,5
321087,16
321106,13
321121,10
321131,5
321150,5
321152,92
321165,46
321181,2
321189,7
321226,6
321311,11
321316,76
321321,10
321357,43
321365,6
321371,28
321394,3
321428,5
321458,5
321465,51
321484,22
321488,84
321496,4
321503,5
321511,85
321538,8
321542,51
321546,61
321552,4
321585,3
321587,3
321590,7
321591,5
321623,5
321629,3
321631,7
321640,15
321659,11
321664,4
321761,7
321770,5
321771,4
321797,2
321826,62
321827,55
321843,6
321850,6
321854,5
321881,19
321921,43
321925,9
321959,6
321961,31
322026,14
322108,33
322114,49
322153,5
322157,4
322173,47
322199,57
322263,10
322281,39
322301,2
322328,38
322332,11
322334,7
322409,42
322422,15
322541,57
322576,2
322580,41
322610,8
322618,5
322621,5
322645,7
322655,9
322660,16
322679,14
322704,79
322708,9
322719,3
322734,8
322735,59
322750,2
322762,10
322827,5
322841,29
322850,4
322857,7
322907,53
322921,53
322932,1
322962,6
322963,14
323022,43
323042,8
323084,36
323096,32
323117,40
323124,11
323133,38
323135,5
323140,45
323155,25
323252,25
323255,5
323301,56
323304,7
323314,33
323334,8
323356,88
323377,6
323393,7
323439,1
323453,80
323459,10
323467,2
323474,41
323497,65
323527,3
323535,8
323616,5
323622,15
323665,5
323676,7
323687,26
323732,78
323739,8
323763,6
323765,7
323784,12
323800,54
323809,3
323846,15
323859,5
323863,6
323900,3
323940,4
323950,4
323968,4
323983,7
324037,12
324095,7
324145,4
324164,3
324170,3
324188,44
324198,5
324242,10
324339,5
324363,11
324373,6
324392,61
324398,48
324422,5
324443,8
324445,9
324448,7
324464,9
324469,29
324470,7
324472,8
324501,5
324508,7
324550,13
324595,13
324646,14
324650,6
324651,40
324665,9
324670,4
324694,3
324695,6
324720,6
324752,40
324781,3
324889,15
324938,5
324960,6
325001,35
325008,10
325061,5
325081,14
325115,12
325121,6
325147,9
325176,14
325184,47
325203,6
325204,3
325214,6
325220,47
325222,11
325230,11
325235,6
325243,10
325245,7
325257,8
325279,3
325280,4
325283,4
325310,12
325363,8
325366,11
325377,8
325403,9
325404,4
325441,7
325491,40
325506,14
325515,8
325571,7
325576,66
325577,3
325578,5
325581,4
325592,9
325594,1
325615,3
325640,13
325642,47
325665,4
325691,7
325704,4
325728,30
325771,7
325774,19
325805,5
325847,6
325865,7
325950,4
325974,78
326012,37
326026,4
326041,11
326085,5
326099,8
326101,5
326127,3
326156,15
326176,2
326192,9
326198,7
326225,4
326227,63
326229,3
326243,5
326244,49
326247,4
326285,6
326288,9
326289,37
326295,7
326296,4
326329,7
326330,6
326332,9
326347,8
326350,6
326375,56
326398,58
326438,7
326511,9
326525,5
326537,6
326549,3
326556,60
326625,57
326632,13
326684,4
326700,63
326734,10
326751,53
326757,3
326778,3
326779,5
326791,7
326854,8
326914,10
326921,62
326946,11
326953,5
326964,7
326972,12
326997,8
327011,40
327030,36
327032,4
327067,3
327084,6
327090,15
327094,7
327107,3
327126,3
327189,14
327202,57
327219,7
327233,7
327249,2
327273,3
327372,77
327375,10
327389,2
327436,14
327439,31
327453,9
327491,4
327544,6
327563,6
327574,12
327599,17
327618,2
327652,16
327695,55
327705,5
327719,7
327726,3
327760,8
327774,5
327799,7
327819,7
327827,10
327835,32
327836,5
327844,5
327848,6
327901,29
327916,6
327917,8
327941,44
327984,4
328000,12
328015,8
328047,7
328115,5
328116,52
328161,9
328171,38
328252,7
328268,49
328276,7
328290,51
328350,31
328365,3
328389,4
328406,6
328460,3
328465,37
328479,9
328488,5
328499,17
328520,10
328565,6
328570,4
328621,5
328622,6
328646,3
328651,50
328770,8
328776,1
328810,5
328829,14
328929,55
328934,9
328943,8
329005,7
329027,6
329036,6
329075,26
329081,5
329083,4
329084,8
329092,6
329095,7
329116,12
329172,5
329175,8
329244,41
329246,20
329253,4
329256,6
329269,7
329313,70
329319,2
329332,16
329350,10
329354,16
329356,2
329389,11
329440,3
329482,10
329493,11
329524,3
329532,4
329596,2
329598,13
329600,4
329641,6
329692,10
329693,25
329708,15
329725,7
329728,10
329734,14
329757,3
329786,5
329852,42
329877,5
329913,23
329926,22
329964,72
329972,50
330004,2
330051,6
330052,56
330066,29
330142,15
330163,42
330168,8
330175,17
330253,13
330288,3
330325,6
330328,1
330354,12
330365,14
330388,13
330408,7
330439,5
330484,6
330491,7
330511,41
330549,8
330599,7
330614,9
330685,32
330689,2
330699,48
330779,62
330803,54
330846,51
330860,41
330866,4
330890,2
330903,9
330927,61
330977,5
331088,8
331093,3
331135,41
331183,14
331241,53
331281,4
331349,12
331439,7
331460,67
331461,9
331500,6
331584,6
331612,4
331666,13
331709,40
331792,9
331821,4
331865,39
331889,40
331928,3
331930,10
331933,5
332035,11
332039,8
332066,11
332104,12
332124,7
332136,6
332145,50
332148,10
332154,4
332183,4
332199,8
332203,5
332294,9
332309,4
332326,6
332381,14
332398,28
332443,38
332444,4
332451,13
332463,61
332541,54
332572,7
332580,41
332589,2
332622,4
332764,5
332801,6
332872,2
332907,9
332911,43
332912,10
332913,11
332925,52
332926,11
332956,6
333022,31
333055,4
333077,13
333181,6
333182,8
333203,4
333257,4
333270,3
333280,13
333322,52
333339,12
333345,6
333349,10
333495,2
333531,14
333549,6
333555,12
333628,3
333651,8
333673,79
333738,2
333751,2
333798,7
333864,15
333894,3
333903,5
333905,21
333920,47
333921,21
333947,9
333950,4
333995,44
333996,3
334020,35
334052,14
334055,57
334056,7
334058,3
334127,60
334132,43
334148,27
334188,25
334253,7
334254,3
334293,5
334296,49
334319,4
334424,6
334425,12
334439,9
334483,30
334497,7
334534,33
334599,14
334616,7
334684,3
334711,7
334728,11
334732,4
334796,7
334813,11
334875,5
334914,3
334921,12
335004,4
335052,5
335092,6
335102,13
335117,41
335122,12
335131,32
335146,6
335148,9
335154,3
335157,4
335181,66
335219,57
335232,6
335262,6
335269,47
335296,6
335338,15
335388,58
335392,12
335406,8
335436,3
335504,17
335514,55
335532,15
335586,19
335624,2
335632,6
335640,8
335646,5
335660,10
335665,43
335681,41
335696,10
335738,7
335740,10
335764,22
335767,45
335771,8
335816,63
335830,3
335836,15
335838,3
335845,8
335870,7
335927,3
335948,3
335949,13
335988,14
336002,11
336050,11
336072,10
336090,12
336102,6
336105,3
336110,3
336128,14
336146,12
336179,14
336210,51
336211,6
336216,41
336273,4
336285,7
336293,51
336306,10
336330,57
336337,6
336374,13
336386,59
336421,44
336451,4
336463,29
336477,11
336483,59
336487,2
336506,5
336531,10
336532,6
336547,5
336553,6
336578,15
336637,46
336654,10
336669,15
336676,6
336687,50
336705,2
336715,10
336745,8
336750,6
336753,9
336761,8
336770,7
336773,8
336775,3
336777,59
336795,4
336900,5
336925,4
336961,51
337031,7
337047,6
337052,1
337088,7
337096,5
337104,9
337115,6
337123,4
337128,11
337146,5
337175,59
337232,14
337287,5
337299,5
337302,14
337305,14
337307,13
337310,9
337316,19
337353,7
337381,15
337459,10
337484,6
337487,51
337495,38
337500,9
337535,6
337556,8
337657,12
337682,8
337684,7
337761,8
337763,10
337774,2
337775,40
337791,45
337807,7
337819,44
337839,57
337842,6
337852,48
337880,7
337982,5
338002,10
338010,14
338012,13
338042,8
338053,55
338099,9
338225,7
338228,27
338235,59
338243,17
338251,6
338255,11
338293,8
338308,6
338314,16
338344,43
338434,78
338445,10
338457,52
338485,10
338548,12
338555,9
338596,8
338603,13
338615,13
338632,10
338640,7
338657,63
338678,6
338731,6
338734,5
338741,15
338777,6
338779,46
338780,11
338798,9
338800,8
338806,43
338902,7
338950,12
338962,42
338985,3
339001,39
339100,15
339102,5
339132,25
339177,5
339205,42
339218,8
339221,64
339297,73
339318,22
339320,61
339377,14
339432,39
339471,28
339485,3
339509,16
339579,15
339642,36
339672,50
339682,52
339683,54
339710,94
339724,8
339764,6
339777,8
339799,52
339840,10
339846,12
339851,12
339855,6
339882,45
339948,11
339962,7
339967,61
339970,6
339977,8
339991,11
340012,28
340026,14
340035,77
340090,52
340135,11
340168,52
340182,54
340238,5
340255,8
340293,9
340309,28
340335,46
340337,8
340348,8
340352,24
340374,7
340378,5
340394,6
340407,8
340435,39
340463,38
340490,7
340523,39
340584,5
340587,4
340610,6
340614,12
340622,45
340632,42
340640,4
340683,5
340689,7
340712,9
340772,43
340781,43
340822,50
340842,12
340880,8
340884,8
340941,56
340954,12
340981,9
340984,48
341020,4
341053,5
341086,10
341102,5
341143,58
341145,53
341155,60
341187,7
341206,12
341221,10
341225,5
341299,43
341310,10
341385,36
341428,8
341437,43
341444,11
341574,8
341576,9
341637,11
341645,9
341658,41
341726,50
341882,9
341954,13
341960,10
341961,36
341986,38
