rank,feature,shap_importance
1,pipe_age,1.410991092976344
2,bury_depth_m,0.7628870464226973
3,velocity_ms,0.5863658358402545
4,ZDMS,0.3608556322135932
5,flow_ls,0.3330974755176213
6,build_year,0.33174310141793145
7,pressure_mpa,0.3175725795841069
8,start_bury_depth,0.30313953265827626
9,pipe_material_球墨铸铁,0.2927884428346086
10,joint_type_柔性接口,0.22629755022654383
11,groundwater_depth_m,0.19442160225579927
12,ops_status_正常,0.19024194433594518
13,pipe_material_铸铁管,0.1773968972436981
14,last_overhaul_year,0.12756381657677657
15,pipe_diameter,0.11392634090347423
16,inspection_freq,0.10285616161480032
17,is_branch,0.09847250439395859
18,road_surface_柏油路面,0.0828062910939097
19,overhaul_count,0.07302647456595436
20,facility_居民区,0.07013841260509762
21,zone_code_公共区域,0.0700321434166172
22,laying_type_管沟,0.06871275604921073
23,geo_condition_砂土,0.06204257966932081
24,ops_status_异常,0.05602326546349676
25,road_surface_水泥路面,0.046891950862999965
26,road_name_务实路,0.04472535079282901
27,road_name_新华路,0.037868365188024986
28,geo_condition_黏土,0.037059088328257384
29,traffic_load_重,0.035402694810593306
30,laying_type_直埋,0.0346242429018392
31,road_name_解放路,0.033593053926525014
32,geo_condition_软土,0.03189242751426643
33,road_name_拼搏路,0.031188467252598495
34,road_name_和谐路,0.030073492026511037
35,pipe_material_钢管,0.029557725185483174
36,traffic_load_轻,0.028864495819435756
37,facility_商业中心,0.02885677365420307
38,joint_type_焊接接口,0.027673108731237878
39,road_name_自由路,0.025425471695382215
40,pipe_material_自应力管,0.024783928348386
41,road_name_进取路,0.02433643484389934
42,facility_企事业单位,0.02403118874933201
43,road_name_梅香路,0.023306017715306927
44,road_name_青梅路,0.02266996866792599
45,road_name_自由街,0.021160942160297413
46,road_name_载物路,0.019096119479120214
47,facility_商铺,0.018945009660633314
48,road_type_次干道,0.01888496673663321
49,road_name_绿洲路,0.01859515869244835
50,road_name_致远路,0.01782905463996934
51,road_name_滨江路,0.017189570013933956
52,road_name_锦绣路,0.017084604403617303
53,road_name_新华北路,0.016966365158619736
54,road_name_蓝天路,0.016831289141813498
55,facility_住宅小区,0.016392569498228367
56,road_name_创新路,0.01633564286866028
57,road_name_蓝田路,0.01614029826953409
58,road_name_桃源桥,0.01604609079112428
59,road_name_建设路,0.015910895582563322
60,road_name_团结路,0.015584716838793469
61,geo_condition_岩石,0.015566947416731897
62,facility_医院,0.01509706131215257
63,road_name_金融北路,0.014804420058112732
64,road_name_解放北路,0.01441689906035031
65,road_name_华美街,0.014279358521374356
66,road_name_乐业路,0.014175238046244893
67,road_name_金光路,0.013464193035432294
68,road_name_民主路,0.013422909767425353
69,road_name_凤翔路,0.013365436274806524
70,road_name_强县路,0.013125454465636949
71,road_surface_土路,0.013112928787861773
72,road_type_支路,0.013095367736946232
73,road_name_璀璨路,0.013089752754669892
74,road_name_铜锣路,0.012793952771889236
75,road_surface_繁忙路面,0.012779260754227778
76,road_name_思源路,0.012495333980350127
77,road_name_公园路,0.012393663646059788
78,road_name_思源西路,0.011563767546241409
79,road_name_银月路,0.011347657471601142
80,facility_学校,0.01120624248287482
81,repair_count,0.011123041594713272
82,road_name_振兴路,0.011101782627704889
83,road_name_富民路,0.01068595645470791
84,road_name_体育路,0.01057005423521795
85,road_name_星辰路,0.010423440119678069
86,road_name_青山路,0.010385188424955593
87,road_name_弘毅路,0.010247061621823783
88,road_name_清风路,0.009567465310257666
89,road_name_红日街,0.009420368581335702
90,laying_type_顶管,0.009116194259001899
91,road_name_林荫路,0.009111557842092043
92,road_name_鸿图路,0.008683397074915814
93,road_name_祥云路,0.008653529616640891
94,road_name_华美桥,0.008401284635174444
95,road_name_麒麟路,0.00801842839406107
96,road_name_体育南路,0.007789184276172815
97,road_name_玉润路,0.007786322472890597
98,road_name_红旗路,0.007000119994262231
99,road_name_思源巷,0.0069857569755389535
100,road_name_紫气路,0.006969430560825519
101,road_name_白云路,0.006673949551148355
102,road_name_菊苑路,0.0059705894686753955
103,road_name_求真路,0.005823270362419233
104,road_name_锦绣北路,0.005344610546329965
105,road_name_商业路,0.0052416435259064675
106,road_name_晨曦路,0.005183446111738425
107,road_name_求真中路,0.004963348725085929
108,facility_绿地,0.004565402689242113
109,road_name_龙腾路,0.004429499825731961
110,road_name_金融路,0.004398004254720988
111,road_name_银海路,0.004354608885810409
112,road_name_工业路,0.0042819448457395845
113,road_name_前进路,0.004255936636739044
114,road_name_红日路,0.0040464277356369645
115,road_name_湖东路,0.004026683677443038
116,road_name_龙泉路,0.003848307439252501
117,road_surface_河道,0.003758760745014514
118,road_name_鹏程路,0.0035830389397114746
119,road_name_强县北路,0.00347348164678881
120,road_name_胜利路,0.003414591931914611
121,road_name_创业路,0.0033493046419620105
122,road_name_平等路,0.0033078826773102516
123,road_name_红旗西路,0.0032926927057363217
124,road_name_虎跃路,0.0030637747109345656
125,road_name_开拓路,0.003015217625219866
126,building_density_高,0.0029778708265699675
127,road_name_民生路,0.0029132798830036047
128,road_name_竹韵路,0.0028785610057091614
129,road_name_桃源路,0.0028470259143893884
130,road_name_振兴北路,0.002790436061011788
131,road_name_发展路,0.0026554320121303238
132,road_name_瑞雪路,0.002466798606776297
133,road_name_晚霞路,0.002287572489750333
134,road_name_文化路,0.0022508308882712097
135,road_name_明月路,0.0022035611708670823
136,road_name_青梅桥,0.0021997345760977924
137,road_name_科技路,0.002173105041257818
138,road_name_教育路,0.0021115750436353294
139,road_name_健康路,0.0020953633530053774
140,road_name_政务路,0.00208453316999039
141,road_name_迎宾桥,0.0020556485768949465
142,road_name_白云巷,0.0015933846308294301
143,road_name_向阳路,0.00157702957381508
144,road_name_紫气街,0.0015120104594803243
145,road_surface_绿地,0.0014647830251026419
146,road_surface_架空,0.0014339612400351334
147,road_name_华美路,0.0014046413657454425
148,road_name_求真街,0.001340003945025215
149,road_name_振兴南路,0.0012073186230959077
150,road_name_超越路,0.0011451597570713795
151,laying_type_桥跨,0.0011052016423078134
152,road_name_友谊巷,0.0010227449710039165
153,road_name_自由巷,0.0010076484615455493
154,facility_政府机关,0.0010026352660600629
155,road_name_龟山路,0.0009978057142927452
156,road_name_桃源街,0.0009220005220238482
157,road_name_载物巷,0.0008122098280276037
158,road_surface_快速路,0.0008090682979822519
159,road_name_富民南路,0.0007368985569265016
160,road_name_法治路,0.0007297791961252824
161,road_name_龟山大道,0.0006870536914554723
162,road_name_光明路,0.0006578898165819064
163,road_name_红旗巷,0.0006115031525807419
164,road_surface_弹石路面,0.0005739319072776938
165,road_name_创业街,0.0003896724764400286
166,road_name_红旗中路,0.0003678059914121206
167,road_name_迎宾路,0.0003606911424510761
168,road_name_拼搏街,0.000354169836440859
169,road_name_法治街,0.00034071661630327124
170,road_name_湖西路,0.0002622202376696514
171,road_name_人民路,0.00022857072861510268
172,road_name_农业路,0.00022775727163669614
173,road_name_星辰大街,0.00014046752789072502
174,road_name_金石街,0.00011764303671112719
175,joint_type_热熔接口,9.671043610360582e-05
176,road_name_繁荣路,6.953673798466546e-05
177,road_name_竹马路,4.837938013918222e-05
178,pipe_material_UPVC管,4.1283889083660166e-05
179,road_name_凤翔桥,3.898088319002271e-05
180,road_name_嘉禾路,2.7046694235852028e-05
181,pipe_material_金属管,2.2447455491614905e-05
182,road_name_嘉禾南路,1.6551270421656538e-05
183,road_name_文明大街,1.6429454571095827e-05
184,road_name_青梅大街,1.3120962639624912e-05
185,road_name_绿谷路,1.1807654130125475e-06
186,road_name_敬业路,1.4103993202802852e-07
187,road_name_和谐大街,0.0
188,road_name_友谊路,0.0
189,road_name_公正路,0.0
190,road_name_公园西路,0.0
191,road_name_凤翔西路,0.0
192,road_name_兰心路,0.0
193,road_name_碧水路,0.0
194,road_name_滨江东路,0.0
195,road_name_瑞雪巷,0.0
196,road_name_璀璨大街,0.0
197,road_name_朝阳路,0.0
198,road_name_河滨路,0.0
199,road_name_星辰巷,0.0
200,road_name_晚霞南路,0.0
201,road_name_文明路,0.0
202,road_name_思源南路,0.0
203,road_name_开拓巷,0.0
204,road_name_幸福路,0.0
205,road_name_振兴街,0.0
206,road_name_和平路,0.0
207,road_name_友善路,0.0
208,road_name_奋进路,0.0
209,road_name_厚德路,0.0
210,road_name_博学路,0.0
211,road_name_务实大道,0.0
212,road_name_光明桥,0.0
213,road_name_铁马路,0.0
214,road_name_莲池路,0.0
215,road_name_诚信路,0.0
216,road_name_载物西路,0.0
217,road_name_龙泉巷,0.0
218,road_name_鹰扬路,0.0
219,road_name_银河路,0.0
220,road_name_长征路,0.0
221,joint_type_粘接接口,0.0
