pipe_id,time_fold,spatial_fold,spatiotemporal_fold
237191,4,4,3
237214,4,2,1
237225,2,4,1
237249,3,2,0
237299,2,4,1
237314,4,4,3
237318,0,4,4
237327,3,2,0
237342,4,4,3
237377,2,4,1
237401,0,2,2
237404,2,4,1
237427,4,2,1
237429,4,3,2
237431,4,4,3
237452,4,4,3
237465,3,2,0
237472,4,4,3
237533,4,2,1
237573,4,4,3
237575,2,4,1
237585,3,3,1
237621,2,4,1
237657,4,2,1
237659,4,4,3
237660,0,4,4
237672,4,4,3
237704,3,2,0
237725,4,4,3
237747,4,2,1
237762,1,3,4
237780,4,2,1
237783,4,4,3
237794,3,4,2
237798,4,4,3
237813,3,2,0
237830,4,3,2
237843,4,3,2
237851,4,3,2
237858,4,3,2
237910,4,3,2
237918,4,3,2
237926,4,4,3
237942,4,3,2
237944,4,2,1
237957,4,3,2
237960,4,3,2
237961,4,3,2
237962,4,3,2
238016,4,2,1
238040,4,4,3
238047,4,3,2
238071,4,2,1
238077,4,2,1
238082,4,3,2
238091,4,2,1
238094,4,4,3
238095,4,4,3
238118,4,3,2
238119,4,4,3
238122,4,3,2
238123,4,2,1
238126,4,3,2
238132,3,4,2
238136,4,3,2
238144,4,2,1
238150,4,4,3
238156,3,4,2
238157,4,2,1
238180,3,4,2
238276,4,4,3
238294,1,2,3
238310,4,4,3
238348,4,2,1
238372,4,0,4
238386,2,2,4
238395,0,4,4
238405,2,2,4
238410,4,4,3
238419,4,2,1
238436,4,4,3
238447,4,3,2
238448,3,2,0
238477,2,2,4
238500,0,4,4
238519,4,2,1
238523,4,2,1
238589,4,2,1
238592,3,4,2
238599,4,4,3
238615,4,2,1
238625,4,2,1
238655,4,2,1
238660,4,2,1
238668,4,2,1
238676,3,4,2
238757,4,2,1
238765,0,2,2
238779,4,2,1
238786,4,2,1
238813,4,3,2
238837,4,3,2
238851,4,1,0
238854,4,3,2
238873,4,4,3
238877,4,0,4
238886,0,1,1
238888,4,4,3
238895,4,3,2
238901,4,4,3
238907,0,2,2
238915,4,4,3
238924,2,2,4
238968,4,3,2
238970,4,2,1
238972,4,4,3
238973,4,4,3
238987,0,2,2
239059,4,2,1
239060,3,4,2
239069,4,4,3
239093,4,4,3
239095,4,4,3
239099,4,4,3
239116,3,4,2
239117,3,4,2
239118,4,1,0
239120,3,4,2
239121,4,2,1
239122,2,3,0
239132,4,2,1
239139,2,4,1
239148,4,2,1
239150,3,4,2
239155,3,2,0
239162,4,4,3
239163,4,1,0
239166,4,4,3
239180,4,1,0
239192,1,2,3
239220,4,3,2
239227,1,2,3
239235,4,4,3
239236,4,4,3
239251,2,4,1
239252,4,4,3
239253,4,3,2
239311,4,4,3
239315,4,4,3
239324,4,2,1
239327,4,4,3
239329,4,3,2
239333,4,2,1
239352,3,2,0
239363,4,4,3
239365,4,2,1
239366,4,2,1
239377,4,4,3
239401,3,3,1
239407,4,2,1
239409,4,2,1
239413,4,4,3
239422,4,4,3
239425,2,4,1
239426,2,4,1
239439,0,2,2
239443,4,4,3
239449,3,4,2
239451,4,2,1
239457,4,4,3
239484,4,4,3
239492,4,2,1
239495,2,4,1
239498,4,1,0
239499,3,2,0
239500,4,2,1
239503,4,2,1
239504,4,3,2
239526,4,4,3
239530,4,3,2
239531,3,4,2
239533,4,4,3
239539,0,2,2
239581,4,4,3
239595,4,4,3
239600,4,4,3
239618,4,2,1
239628,4,4,3
239633,3,4,2
239643,4,3,2
239648,4,4,3
239679,4,4,3
239683,1,3,4
239691,4,4,3
239720,3,2,0
239725,3,2,0
239728,0,2,2
239749,4,3,2
239757,4,2,1
239766,4,2,1
239768,4,4,3
239784,4,3,2
239804,4,4,3
239806,3,3,1
239820,0,2,2
239833,3,2,0
239848,4,4,3
239849,4,4,3
239861,2,1,3
239863,3,4,2
239881,4,3,2
239916,2,4,1
239941,4,3,2
239943,4,4,3
239959,3,4,2
239968,4,3,2
239970,4,3,2
239989,3,2,0
239993,4,3,2
240000,4,4,3
240019,4,2,1
240029,4,3,2
240030,4,3,2
240034,4,3,2
240085,3,2,0
240086,3,2,0
240095,4,2,1
240099,4,4,3
240102,4,4,3
240112,4,4,3
240129,4,3,2
240133,0,2,2
240145,3,4,2
240162,4,4,3
240177,4,1,0
240206,4,2,1
240220,4,3,2
240225,4,1,0
240229,4,4,3
240230,4,2,1
240252,3,2,0
240260,4,1,0
240265,4,3,2
240281,4,2,1
240285,4,2,1
240287,0,4,4
240311,0,4,4
240369,4,4,3
240395,4,2,1
240402,4,2,1
240406,4,0,4
240437,3,4,2
240466,4,2,1
240470,1,4,0
240483,0,2,2
240485,4,4,3
240520,4,4,3
240530,2,1,3
240531,4,2,1
240582,3,4,2
240589,3,2,0
240638,4,4,3
240639,4,4,3
240669,2,4,1
240700,4,4,3
240715,4,3,2
240732,3,4,2
240736,4,2,1
240739,4,2,1
240749,0,4,4
240764,3,3,1
240765,2,2,4
240772,3,4,2
240786,2,2,4
240799,4,4,3
240822,4,4,3
240828,4,4,3
240840,4,4,3
240894,4,2,1
240930,2,4,1
240942,4,2,1
240962,4,4,3
240983,3,3,1
240990,4,1,0
241016,4,1,0
241033,4,4,3
241053,4,1,0
241055,4,0,4
241059,4,1,0
241071,4,2,1
241117,2,4,1
241143,4,1,0
241147,4,4,3
241149,2,4,1
241214,4,2,1
241218,4,2,1
241243,4,0,4
241247,3,2,0
241248,2,1,3
241273,4,1,0
241275,4,1,0
241276,4,3,2
241277,4,3,2
241308,3,3,1
241315,4,4,3
241342,4,4,3
241366,4,0,4
241384,4,2,1
241411,4,3,2
241415,0,4,4
241417,4,2,1
241418,4,1,0
241445,4,4,3
241483,4,4,3
241520,3,3,1
241523,0,2,2
241537,4,2,1
241561,4,4,3
241572,1,4,0
241604,4,2,1
241650,0,1,1
241654,3,4,2
241670,3,2,0
241672,4,4,3
241679,3,4,2
241682,4,4,3
241702,3,1,4
241712,4,4,3
241749,4,2,1
241757,4,4,3
241770,4,4,3
241771,0,2,2
241779,3,2,0
241780,4,1,0
241828,1,2,3
241830,0,2,2
241848,4,2,1
241855,2,4,1
241873,4,3,2
241882,2,4,1
241891,4,4,3
241906,4,1,0
241930,4,1,0
241941,4,3,2
241979,3,2,0
241990,0,1,1
242009,4,1,0
242045,4,2,1
242047,4,0,4
242060,4,4,3
242071,4,4,3
242074,4,4,3
242095,4,2,1
242104,4,4,3
242105,3,4,2
242115,4,3,2
242117,4,4,3
242130,2,2,4
242132,2,4,1
242149,4,0,4
242155,4,2,1
242180,4,4,3
242200,0,4,4
242212,4,2,1
242233,3,1,4
242246,4,2,1
242286,3,3,1
242288,4,4,3
242296,3,1,4
242298,4,4,3
242330,0,1,1
242334,0,2,2
242341,2,1,3
242367,2,1,3
242368,4,1,0
242396,2,4,1
242410,0,2,2
242439,4,4,3
242445,4,0,4
242451,4,3,2
242490,0,4,4
242498,3,4,2
242503,2,4,1
242558,3,2,0
242573,4,2,1
242579,4,2,1
242581,3,2,0
242597,3,2,0
242614,2,2,4
242685,4,0,4
242687,3,4,2
242700,3,2,0
242706,4,4,3
242707,0,4,4
242775,4,4,3
242782,0,4,4
242789,4,0,4
242802,4,4,3
242826,3,4,2
242828,4,4,3
242837,4,2,1
242842,4,3,2
242848,4,2,1
242854,4,4,3
242859,4,4,3
242873,2,4,1
242884,4,0,4
242891,4,4,3
242892,3,2,0
242916,4,4,3
242924,4,4,3
242937,4,2,1
242946,2,4,1
242951,0,1,1
242953,2,4,1
242989,4,2,1
243026,2,4,1
243049,3,2,0
243054,2,4,1
243067,4,4,3
243096,4,2,1
243121,4,1,0
243145,4,2,1
243174,3,3,1
243188,4,2,1
243198,4,2,1
243214,2,4,1
243236,4,4,3
243253,2,2,4
243260,4,2,1
243264,4,2,1
243272,4,4,3
243274,4,3,2
243276,4,2,1
243297,4,2,1
243313,4,4,3
243333,4,2,1
243358,4,4,3
243361,4,4,3
243385,4,2,1
243411,3,4,2
243428,4,4,3
243434,4,4,3
243444,4,3,2
243472,4,3,2
243481,4,4,3
243511,4,0,4
243513,4,3,2
243602,4,4,3
243611,4,4,3
243619,0,2,2
243653,4,3,2
243667,4,2,1
243679,3,2,0
243724,4,4,3
243734,4,4,3
243760,4,2,1
243774,4,2,1
243778,4,4,3
243802,4,4,3
243813,0,2,2
243828,4,1,0
243842,4,3,2
243843,4,3,2
243861,3,2,0
243865,4,4,3
243881,4,4,3
243899,4,0,4
243960,3,2,0
243980,4,4,3
243998,4,2,1
244006,4,2,1
244079,4,4,3
244080,4,3,2
244117,4,2,1
244118,4,4,3
244149,3,4,2
244171,4,3,2
244195,3,2,0
244203,4,2,1
244210,3,4,2
244211,4,2,1
244260,3,2,0
244279,4,2,1
244289,4,4,3
244299,4,4,3
244300,4,4,3
244303,3,3,1
244333,4,3,2
244337,2,4,1
244379,4,4,3
244404,2,4,1
244406,3,3,1
244412,3,2,0
244423,4,4,3
244426,1,4,0
244428,4,2,1
244429,2,1,3
244440,0,4,4
244443,4,4,3
244445,2,4,1
244459,4,3,2
244463,3,1,4
244465,4,2,1
244473,4,2,1
244487,2,4,1
244524,4,2,1
244542,3,2,0
244548,0,4,4
244563,4,2,1
244580,4,0,4
244590,4,1,0
244598,3,4,2
244622,0,2,2
244624,3,2,0
244680,3,2,0
244681,4,4,3
244683,4,2,1
244709,4,2,1
244717,1,3,4
244778,2,1,3
244781,4,4,3
244782,4,2,1
244795,4,1,0
244871,4,2,1
244898,3,4,2
244901,2,4,1
244910,0,4,4
245007,3,4,2
245044,4,2,1
245119,3,2,0
245138,4,3,2
245177,0,2,2
245203,0,4,4
245210,4,2,1
245223,2,4,1
245225,4,1,0
245231,3,4,2
245252,2,4,1
245261,4,4,3
245284,2,4,1
245292,0,2,2
245300,0,2,2
245305,3,4,2
245323,4,2,1
245337,4,4,3
245357,4,1,0
245358,4,4,3
245377,3,3,1
245379,3,1,4
245393,0,4,4
245395,3,4,2
245398,4,4,3
245400,4,0,4
245445,4,1,0
245446,4,4,3
245459,3,1,4
245516,4,2,1
245540,4,2,1
245541,4,2,1
245548,4,2,1
245554,4,1,0
245555,4,4,3
245559,4,3,2
245605,4,2,1
245620,2,4,1
245629,4,2,1
245644,2,4,1
245645,0,2,2
245655,4,2,1
245689,4,4,3
245713,0,2,2
245718,2,4,1
245733,3,3,1
245741,2,2,4
245759,4,3,2
245783,3,1,4
245838,4,2,1
245845,0,1,1
245866,4,4,3
245874,4,2,1
245914,4,2,1
245926,4,2,1
245934,2,4,1
245963,4,4,3
245977,4,4,3
245978,4,4,3
245984,4,2,1
245986,3,2,0
245994,3,3,1
246011,0,2,2
246019,0,2,2
246049,3,3,1
246055,4,2,1
246065,2,4,1
246092,3,2,0
246100,4,2,1
246104,4,1,0
246121,3,3,1
246127,0,2,2
246134,3,3,1
246137,2,2,4
246139,4,2,1
246143,3,1,4
246144,0,2,2
246147,4,3,2
246153,0,2,2
246171,4,2,1
246184,0,4,4
246209,4,4,3
246210,4,2,1
246223,4,2,1
246255,4,1,0
246275,3,4,2
246284,4,2,1
246309,4,2,1
246325,4,4,3
246333,4,2,1
246356,0,4,4
246382,0,2,2
246461,0,4,4
246467,4,4,3
246490,1,4,0
246493,3,3,1
246516,0,3,3
246530,0,2,2
246577,3,4,2
246599,4,2,1
246609,4,2,1
246618,3,4,2
246623,4,0,4
246645,0,4,4
246654,4,4,3
246665,2,4,1
246677,4,2,1
246723,3,2,0
246728,2,4,1
246785,4,2,1
246797,4,2,1
246810,2,4,1
246836,4,4,3
246841,4,4,3
246842,4,4,3
246911,4,4,3
246921,4,2,1
246933,4,4,3
246935,0,2,2
246948,4,4,3
246972,4,4,3
246976,4,3,2
246990,4,4,3
246992,0,4,4
247005,4,2,1
247043,3,1,4
247072,4,2,1
247110,4,2,1
247124,4,2,1
247134,3,2,0
247182,4,2,1
247222,0,4,4
247231,4,4,3
247234,3,4,2
247268,4,4,3
247273,4,4,3
247276,0,4,4
247289,4,4,3
247293,4,1,0
247333,4,2,1
247334,3,1,4
247352,4,2,1
247374,2,2,4
247390,4,4,3
247411,4,4,3
247429,4,4,3
247462,4,2,1
247474,4,3,2
247492,0,1,1
247506,3,4,2
247510,4,4,3
247521,2,2,4
247540,2,2,4
247542,3,1,4
247554,3,2,0
247555,3,3,1
247601,0,4,4
247625,4,4,3
247628,3,4,2
247636,4,2,1
247660,2,0,2
247702,4,4,3
247705,2,2,4
247715,4,2,1
247719,4,2,1
247748,3,3,1
247757,4,1,0
247765,0,4,4
247771,4,4,3
247776,0,4,4
247788,4,1,0
247798,4,1,0
247808,0,4,4
247811,3,3,1
247819,4,2,1
247820,0,1,1
247843,1,4,0
247857,4,4,3
247860,3,4,2
247881,4,1,0
247897,4,4,3
247908,4,4,3
247923,3,3,1
247924,0,2,2
247928,4,2,1
247954,3,1,4
247957,0,2,2
248002,4,4,3
248007,4,2,1
248023,4,3,2
248024,4,4,3
248025,4,4,3
248088,4,4,3
248141,1,4,0
248162,4,1,0
248171,4,2,1
248200,0,4,4
248204,4,0,4
248209,2,4,1
248265,4,4,3
248290,4,0,4
248323,4,2,1
248335,4,1,0
248344,2,1,3
248356,4,1,0
248368,4,2,1
248428,4,2,1
248446,4,1,0
248473,0,2,2
248488,3,4,2
248491,1,4,0
248505,4,4,3
248554,0,4,4
248556,4,4,3
248567,4,1,0
248579,3,4,2
248597,4,1,0
248648,2,2,4
248652,4,2,1
248672,4,1,0
248677,4,4,3
248689,3,3,1
248692,4,4,3
248693,2,4,1
248697,3,4,2
248706,4,2,1
248717,2,4,1
248745,3,4,2
248779,3,3,1
248783,4,2,1
248786,4,2,1
248821,4,1,0
248853,0,4,4
248872,4,4,3
248879,4,4,3
248897,4,4,3
248913,4,2,1
248917,4,2,1
248918,4,4,3
248924,4,4,3
248937,0,1,1
248962,4,2,1
248980,4,2,1
248983,4,1,0
248991,4,2,1
249013,4,4,3
249038,4,3,2
249045,4,4,3
249046,3,2,0
249052,1,2,3
249075,4,2,1
249080,1,2,3
249082,4,4,3
249101,0,2,2
249113,3,1,4
249131,4,2,1
249134,1,2,3
249149,4,4,3
249152,4,4,3
249164,3,3,1
249179,4,2,1
249180,2,1,3
249184,4,2,1
249225,4,2,1
249231,3,4,2
249246,2,1,3
249257,4,1,0
249291,0,4,4
249295,2,4,1
249296,4,4,3
249322,4,3,2
249339,0,2,2
249342,4,2,1
249371,4,4,3
249396,0,4,4
249420,3,2,0
249421,4,1,0
249423,4,3,2
249428,4,3,2
249435,2,3,0
249447,4,3,2
249453,4,2,1
249494,4,4,3
249495,4,4,3
249536,4,2,1
249546,4,2,1
249549,4,1,0
249566,0,4,4
249604,4,2,1
249610,3,2,0
249636,3,3,1
249667,4,3,2
249671,0,2,2
249679,2,2,4
249684,0,4,4
249685,4,2,1
249699,4,2,1
249709,4,4,3
249718,0,1,1
249720,0,2,2
249727,4,1,0
249729,2,3,0
249730,3,1,4
249733,4,4,3
249790,4,2,1
249804,4,2,1
249809,2,4,1
249816,4,2,1
249821,3,4,2
249828,2,4,1
249837,3,1,4
249854,2,4,1
249856,0,4,4
249863,3,1,4
249871,0,2,2
249874,4,4,3
249875,4,4,3
249901,0,2,2
249915,0,4,4
249921,4,3,2
249951,3,3,1
249960,4,4,3
249962,4,2,1
249966,4,2,1
249981,4,4,3
249982,3,3,1
250053,3,2,0
250071,2,1,3
250080,2,4,1
250081,3,3,1
250086,4,4,3
250092,0,4,4
250094,4,4,3
250127,4,1,0
250130,4,2,1
250136,3,4,2
250145,4,2,1
250163,0,4,4
250182,2,4,1
250185,0,3,3
250204,0,2,2
250219,4,2,1
250252,0,4,4
250268,4,1,0
250276,4,2,1
250285,3,3,1
250292,0,4,4
250298,4,1,0
250300,0,4,4
250318,0,1,1
250319,4,1,0
250320,4,4,3
250327,0,2,2
250333,4,1,0
250350,3,4,2
250356,4,0,4
250357,4,2,1
250362,4,4,3
250366,4,2,1
250379,3,2,0
250381,4,1,0
250388,4,4,3
250409,3,4,2
250412,4,2,1
250421,2,4,1
250432,3,3,1
250440,4,2,1
250472,0,4,4
250474,3,2,0
250494,4,2,1
250502,0,4,4
250510,0,4,4
250513,3,2,0
250532,4,2,1
250548,4,2,1
250563,3,3,1
250585,3,3,1
250635,3,1,4
250636,4,2,1
250689,4,4,3
250702,2,4,1
250733,4,4,3
250736,1,2,3
250740,3,1,4
250747,4,4,3
250752,4,2,1
250768,3,2,0
250771,2,2,4
250784,1,4,0
250785,4,0,4
250792,4,3,2
250793,3,2,0
250798,4,2,1
250875,2,0,2
250890,4,2,1
250892,4,1,0
250893,4,2,1
250926,0,3,3
250933,4,2,1
250941,4,4,3
250956,0,4,4
250962,4,2,1
250976,3,2,0
250982,0,2,2
250988,4,3,2
251004,4,3,2
251012,1,2,3
251021,4,4,3
251048,4,4,3
251053,4,2,1
251078,4,3,2
251087,4,4,3
251099,4,4,3
251109,3,4,2
251120,4,0,4
251123,4,4,3
251131,4,4,3
251142,3,2,0
251153,4,2,1
251173,0,4,4
251186,1,4,0
251187,2,2,4
251215,3,2,0
251223,4,4,3
251241,4,2,1
251261,4,4,3
251276,4,0,4
251308,4,4,3
251321,3,2,0
251352,3,4,2
251400,4,4,3
251402,4,2,1
251406,3,2,0
251420,4,0,4
251440,4,4,3
251463,3,4,2
251477,4,4,3
251480,0,2,2
251488,0,1,1
251494,0,4,4
251531,0,4,4
251533,4,4,3
251547,4,1,0
251564,3,2,0
251568,4,3,2
251604,4,4,3
251617,3,2,0
251619,4,4,3
251629,4,2,1
251633,3,4,2
251635,4,2,1
251649,0,4,4
251655,4,2,1
251664,2,2,4
251713,3,2,0
251722,3,2,0
251732,4,2,1
251739,4,0,4
251766,3,1,4
251774,2,2,4
251779,2,2,4
251791,4,2,1
251797,1,2,3
251814,4,2,1
251832,2,2,4
251845,0,4,4
251877,0,2,2
251897,3,4,2
251916,0,1,1
251922,0,4,4
251926,4,2,1
251927,2,4,1
251938,4,3,2
251944,4,4,3
251946,4,1,0
251947,2,4,1
251955,4,2,1
251960,3,3,1
251970,4,2,1
251981,2,4,1
252006,3,1,4
252025,4,1,0
252026,4,4,3
252034,4,2,1
252040,4,2,1
252061,2,4,1
252078,2,4,1
252114,2,2,4
252131,4,4,3
252145,3,4,2
252160,2,4,1
252161,4,2,1
252192,4,2,1
252195,4,4,3
252201,4,2,1
252226,4,2,1
252239,4,1,0
252241,4,4,3
252250,2,2,4
252255,3,2,0
252257,4,1,0
252259,0,4,4
252278,4,4,3
252311,4,2,1
252314,4,2,1
252326,4,4,3
252332,4,4,3
252342,2,2,4
252359,3,3,1
252375,2,2,4
252377,4,1,0
252386,3,2,0
252411,4,2,1
252433,3,1,4
252470,4,1,0
252499,4,4,3
252505,2,4,1
252508,4,2,1
252530,2,2,4
252550,4,4,3
252555,0,1,1
252562,3,2,0
252565,4,2,1
252575,4,4,3
252578,2,2,4
252595,4,4,3
252640,4,1,0
252667,0,4,4
252679,2,4,1
252685,4,2,1
252691,4,2,1
252701,4,2,1
252706,4,0,4
252708,4,1,0
252727,4,2,1
252740,0,2,2
252761,4,4,3
252780,4,1,0
252784,0,4,4
252823,0,1,1
252835,3,2,0
252838,0,4,4
252846,4,2,1
252861,0,4,4
252863,2,4,1
252873,4,2,1
252881,1,2,3
252886,0,2,2
252903,4,3,2
252912,4,4,3
252924,4,2,1
252929,3,2,0
252941,4,4,3
252942,0,4,4
252964,4,4,3
252969,2,2,4
253028,4,2,1
253041,0,2,2
253049,4,4,3
253060,4,4,3
253066,4,2,1
253068,4,2,1
253080,1,2,3
253097,4,1,0
253102,3,4,2
253105,2,4,1
253128,4,2,1
253159,3,4,2
253174,4,1,0
253183,2,4,1
253203,4,2,1
253220,0,1,1
253316,3,4,2
253328,4,4,3
253330,0,2,2
253337,0,0,0
253343,3,2,0
253352,0,1,1
253373,0,2,2
253390,0,4,4
253397,0,2,2
253414,0,2,2
253417,3,2,0
253421,3,2,0
253431,3,4,2
253453,3,4,2
253466,4,4,3
253505,3,1,4
253511,2,2,4
253528,1,4,0
253530,4,4,3
253535,0,4,4
253541,4,4,3
253550,2,4,1
253558,4,1,0
253559,2,2,4
253576,4,2,1
253586,4,2,1
253593,4,4,3
253606,0,2,2
253615,4,2,1
253659,1,4,0
253668,4,4,3
253673,4,2,1
253719,2,4,1
253729,2,4,1
253779,2,2,4
253804,0,4,4
253810,3,2,0
253812,4,1,0
253815,3,4,2
253851,4,4,3
253863,4,3,2
253869,3,2,0
253874,4,2,1
253891,3,4,2
253899,4,2,1
253904,1,2,3
253911,0,2,2
253917,2,4,1
253929,4,4,3
253940,2,2,4
253948,0,4,4
253954,4,4,3
253957,3,2,0
253987,2,1,3
253989,4,2,1
254002,3,1,4
254011,4,4,3
254012,3,4,2
254017,4,2,1
254029,3,2,0
254035,4,2,1
254044,4,1,0
254057,4,4,3
254076,0,4,4
254089,3,2,0
254106,4,2,1
254107,3,2,0
254131,2,2,4
254148,4,4,3
254157,3,2,0
254159,4,1,0
254189,3,2,0
254198,4,2,1
254200,4,2,1
254225,0,2,2
254247,0,2,2
254253,4,4,3
254276,0,4,4
254279,3,4,2
254286,4,1,0
254295,3,4,2
254298,4,4,3
254315,4,4,3
254342,3,3,1
254357,3,2,0
254362,4,2,1
254373,3,4,2
254374,4,2,1
254377,0,2,2
254383,1,4,0
254388,2,4,1
254398,4,4,3
254407,4,2,1
254409,4,4,3
254441,0,4,4
254447,3,4,2
254483,3,4,2
254485,4,2,1
254493,2,2,4
254497,0,2,2
254516,3,2,0
254526,4,1,0
254529,4,4,3
254571,4,2,1
254586,4,2,1
254587,3,2,0
254595,1,1,2
254598,4,1,0
254606,3,4,2
254615,4,2,1
254623,2,4,1
254624,3,3,1
254625,3,2,0
254631,3,2,0
254636,2,0,2
254671,4,0,4
254675,0,1,1
254678,1,4,0
254681,0,2,2
254686,4,2,1
254687,0,4,4
254693,0,2,2
254697,3,2,0
254713,3,2,0
254721,4,3,2
254733,2,4,1
254748,4,2,1
254757,4,2,1
254761,4,0,4
254775,4,4,3
254788,4,2,1
254814,2,4,1
254822,4,4,3
254824,3,2,0
254844,3,2,0
254860,4,3,2
254870,4,2,1
254876,4,2,1
254906,3,2,0
254918,4,2,1
254939,3,1,4
254943,3,1,4
254949,2,2,4
254960,3,1,4
254980,3,1,4
254998,4,3,2
255004,3,2,0
255027,3,2,0
255094,4,4,3
255095,4,4,3
255098,3,2,0
255133,3,4,2
255134,4,4,3
255135,4,1,0
255140,4,2,1
255173,4,2,1
255214,4,4,3
255215,4,4,3
255219,3,1,4
255223,4,2,1
255243,4,3,2
255244,4,3,2
255287,3,4,2
255288,4,2,1
255342,3,1,4
255355,4,2,1
255360,4,3,2
255373,3,1,4
255396,4,2,1
255398,3,4,2
255455,4,3,2
255461,3,2,0
255463,3,3,1
255464,3,3,1
255465,4,3,2
255471,4,2,1
255478,4,3,2
255489,4,3,2
255516,3,0,3
255526,4,2,1
255549,2,2,4
255550,3,1,4
255563,3,1,4
255596,4,2,1
255597,3,4,2
255685,3,4,2
255703,3,4,2
255756,3,0,3
255774,3,4,2
255819,4,0,4
255825,4,2,1
255844,4,4,3
255858,4,1,0
255866,3,2,0
255883,2,4,1
255888,4,4,3
255890,4,4,3
255901,3,4,2
255905,4,3,2
255908,0,4,4
255921,4,3,2
255928,4,4,3
255972,4,1,0
255978,3,3,1
255983,3,2,0
256012,4,0,4
256023,2,3,0
256024,4,2,1
256072,4,2,1
256082,4,4,3
256092,3,1,4
256097,4,2,1
256114,0,4,4
256117,4,1,0
256130,0,2,2
256133,2,2,4
256149,3,4,2
256152,2,2,4
256171,2,4,1
256196,3,3,1
256214,3,2,0
256260,0,4,4
256282,2,2,4
256283,3,2,0
256285,4,1,0
256294,4,2,1
256305,0,1,1
256324,4,3,2
256340,3,3,1
256341,2,2,4
256345,4,1,0
256358,3,2,0
256364,0,1,1
256366,4,2,1
256384,4,4,3
256389,0,2,2
256395,4,2,1
256411,4,2,1
256425,3,2,0
256433,4,0,4
256437,4,4,3
256466,4,3,2
256477,0,3,3
256484,2,4,1
256490,4,4,3
256507,4,4,3
256509,2,4,1
256510,4,3,2
256519,4,4,3
256531,4,4,3
256538,4,2,1
256553,4,0,4
256566,0,2,2
256583,4,2,1
256587,2,1,3
256591,2,4,1
256601,4,2,1
256622,0,4,4
256627,3,2,0
256645,2,4,1
256647,4,2,1
256649,3,4,2
256667,2,4,1
256669,3,2,0
256684,4,3,2
256687,3,1,4
256727,4,2,1
256732,3,4,2
256758,4,2,1
256762,3,4,2
256788,4,3,2
256798,3,2,0
256853,4,2,1
256856,3,2,0
256866,0,2,2
256868,3,3,1
256875,1,4,0
256885,3,2,0
256898,0,4,4
256899,4,4,3
256913,4,4,3
256943,4,4,3
256953,3,4,2
256971,3,2,0
256998,4,0,4
257055,2,4,1
257072,4,4,3
257083,0,2,2
257084,4,2,1
257087,3,3,1
257100,4,2,1
257131,2,4,1
257152,0,4,4
257155,3,2,0
257174,4,3,2
257193,3,1,4
257199,4,4,3
257213,4,3,2
257241,4,1,0
257251,3,4,2
257263,4,1,0
257269,0,4,4
257276,4,4,3
257303,3,2,0
257310,0,4,4
257327,3,4,2
257349,2,4,1
257372,3,4,2
257374,0,2,2
257398,3,3,1
257402,4,3,2
257406,4,3,2
257408,3,4,2
257409,4,2,1
257422,2,2,4
257452,4,2,1
257461,4,4,3
257470,4,4,3
257514,2,3,0
257525,0,2,2
257569,2,4,1
257580,3,4,2
257611,4,1,0
257631,4,4,3
257635,4,1,0
257644,0,4,4
257650,0,4,4
257657,0,2,2
257669,4,1,0
257678,3,4,2
257690,3,2,0
257699,4,4,3
257708,4,4,3
257731,4,4,3
257735,4,2,1
257777,3,4,2
257793,4,4,3
257802,3,3,1
257807,0,4,4
257813,4,1,0
257839,4,1,0
257868,4,3,2
257881,4,3,2
257896,1,4,0
257937,4,3,2
257993,2,4,1
257994,3,3,1
258006,4,2,1
258016,0,3,3
258019,0,1,1
258042,4,4,3
258049,2,1,3
258055,1,2,3
258062,4,3,2
258070,4,3,2
258072,3,2,0
258074,4,2,1
258096,4,4,3
258097,4,3,2
258120,3,4,2
258126,4,2,1
258144,3,3,1
258149,0,2,2
258150,4,3,2
258158,1,4,0
258162,4,2,1
258193,3,4,2
258196,0,2,2
258214,0,1,1
258216,0,2,2
258268,2,2,4
258275,4,3,2
258276,2,4,1
258299,0,4,4
258307,4,2,1
258314,4,1,0
258323,0,4,4
258329,0,2,2
258345,4,4,3
258371,1,2,3
258378,4,4,3
258379,4,2,1
258385,0,2,2
258390,4,2,1
258419,3,4,2
258438,3,2,0
258439,0,4,4
258449,0,2,2
258453,4,2,1
258458,3,2,0
258490,4,3,2
258504,4,2,1
258509,4,1,0
258551,4,4,3
258573,4,4,3
258600,3,1,4
258628,2,4,1
258638,3,1,4
258666,4,4,3
258687,2,2,4
258695,1,2,3
258713,4,1,0
258715,4,2,1
258732,0,2,2
258736,3,3,1
258737,4,4,3
258738,3,3,1
258765,4,2,1
258768,3,4,2
258772,4,2,1
258773,0,1,1
258811,4,4,3
258813,4,3,2
258824,4,2,1
258825,4,1,0
258846,4,4,3
258866,4,1,0
258868,4,3,2
258898,4,1,0
258926,0,4,4
258933,2,4,1
258944,3,3,1
258951,0,4,4
258961,4,4,3
258967,4,3,2
258973,4,4,3
258982,0,4,4
259009,2,2,4
259022,3,1,4
259040,4,4,3
259041,4,2,1
259064,3,2,0
259071,4,3,2
259087,3,4,2
259109,4,4,3
259125,4,1,0
259135,3,1,4
259136,0,2,2
259156,4,1,0
259157,4,1,0
259158,3,4,2
259172,0,2,2
259180,2,1,3
259184,4,0,4
259198,0,2,2
259208,0,2,2
259214,4,2,1
259238,0,3,3
259262,0,2,2
259263,4,1,0
259266,0,3,3
259288,4,1,0
259317,2,4,1
259324,0,4,4
259327,3,4,2
259331,4,4,3
259335,4,1,0
259348,2,4,1
259351,4,2,1
259355,4,4,3
259361,4,2,1
259372,4,2,1
259386,0,1,1
259390,4,4,3
259399,3,3,1
259400,0,4,4
259409,4,4,3
259420,2,4,1
259422,3,4,2
259426,0,2,2
259427,4,2,1
259429,3,3,1
259434,2,4,1
259446,1,4,0
259457,3,2,0
259460,4,4,3
259465,0,0,0
259497,4,2,1
259526,3,3,1
259532,0,1,1
259558,4,1,0
259581,2,4,1
259620,4,2,1
259641,3,2,0
259677,3,3,1
259681,4,4,3
259705,4,2,1
259709,4,1,0
259712,0,1,1
259739,4,2,1
259749,3,1,4
259760,4,2,1
259779,0,1,1
259791,2,1,3
259803,4,4,3
259804,3,3,1
259806,3,4,2
259807,3,2,0
259811,3,3,1
259829,4,2,1
259838,3,1,4
259839,0,4,4
259861,2,4,1
259863,4,2,1
259871,4,4,3
259882,4,4,3
259901,2,2,4
259902,3,4,2
259904,4,4,3
259928,3,2,0
259940,0,4,4
259996,2,2,4
259997,0,4,4
260002,4,4,3
260008,2,1,3
260014,0,2,2
260017,4,4,3
260018,4,4,3
260022,4,4,3
260033,0,4,4
260044,4,4,3
260049,4,3,2
260062,0,2,2
260073,4,4,3
260082,2,4,1
260099,2,4,1
260102,2,2,4
260107,4,3,2
260113,4,1,0
260122,4,4,3
260140,4,4,3
260154,4,4,3
260169,4,4,3
260180,3,3,1
260183,4,2,1
260200,3,2,0
260201,4,4,3
260217,4,4,3
260221,4,2,1
260222,3,2,0
260231,2,4,1
260244,4,3,2
260245,4,1,0
260248,3,4,2
260318,0,4,4
260322,4,2,1
260347,0,4,4
260359,4,2,1
260366,4,4,3
260382,4,2,1
260394,3,4,2
260414,4,4,3
260445,1,2,3
260465,4,4,3
260466,4,4,3
260472,2,4,1
260473,4,2,1
260477,2,2,4
260499,4,2,1
260507,4,2,1
260509,4,2,1
260510,4,2,1
260546,2,2,4
260574,4,4,3
260575,4,4,3
260587,3,3,1
260588,2,2,4
260603,3,3,1
260605,3,1,4
260617,3,1,4
260622,2,2,4
260639,4,1,0
260641,4,2,1
260675,2,1,3
260681,4,2,1
260702,3,4,2
260728,3,3,1
260734,3,2,0
260746,3,3,1
260763,4,2,1
260781,2,2,4
260785,4,4,3
260801,3,3,1
260803,4,2,1
260820,2,1,3
260850,4,2,1
260856,3,4,2
260879,4,3,2
260882,4,2,1
260884,4,2,1
260904,3,2,0
260935,0,4,4
260945,4,4,3
260950,0,4,4
261006,3,2,0
261008,4,1,0
261025,4,4,3
261038,0,4,4
261040,4,3,2
261070,2,2,4
261071,0,2,2
261081,0,2,2
261108,4,4,3
261119,2,4,1
261121,4,4,3
261125,4,4,3
261147,2,4,1
261149,0,2,2
261159,4,2,1
261174,3,4,2
261192,2,2,4
261228,4,3,2
261251,4,2,1
261265,4,2,1
261266,3,3,1
261271,0,2,2
261305,4,3,2
261322,4,2,1
261376,4,4,3
261381,0,4,4
261389,4,2,1
261401,3,4,2
261411,4,4,3
261422,3,3,1
261443,4,2,1
261445,4,4,3
261456,0,3,3
261463,4,4,3
261480,2,2,4
261543,3,4,2
261556,4,3,2
261566,4,4,3
261567,4,4,3
261585,4,2,1
261610,3,3,1
261611,2,3,0
261616,4,1,0
261617,4,1,0
261639,3,4,2
261674,2,4,1
261720,3,3,1
261727,1,4,0
261745,0,0,0
261753,2,1,3
261763,4,2,1
261779,3,3,1
261785,4,2,1
261824,4,2,1
261855,4,4,3
261857,0,1,1
261864,4,2,1
261865,1,2,3
261867,2,4,1
261904,4,2,1
261932,3,2,0
261940,3,4,2
261942,4,4,3
261978,3,2,0
261986,4,4,3
261987,3,3,1
262008,3,1,4
262041,4,4,3
262057,4,4,3
262058,3,3,1
262071,4,4,3
262088,4,4,3
262089,4,4,3
262092,4,4,3
262100,0,4,4
262103,4,2,1
262142,4,4,3
262168,4,1,0
262169,4,1,0
262170,4,4,3
262171,0,2,2
262174,4,1,0
262175,4,1,0
262177,4,3,2
262178,4,4,3
262227,4,4,3
262242,4,4,3
262257,4,2,1
262290,4,1,0
262327,3,3,1
262346,4,4,3
262362,4,4,3
262376,0,4,4
262377,4,2,1
262459,3,4,2
262462,4,2,1
262473,4,2,1
262475,4,2,1
262477,4,4,3
262482,4,0,4
262492,4,2,1
262520,2,4,1
262530,4,4,3
262534,4,2,1
262555,4,3,2
262591,4,2,1
262624,4,1,0
262630,4,3,2
262632,4,1,0
262635,4,1,0
262636,4,1,0
262718,4,2,1
262722,4,3,2
262723,4,3,2
262729,4,4,3
262737,3,2,0
262740,0,2,2
262743,3,2,0
262770,0,4,4
262787,0,2,2
262791,4,1,0
262792,0,2,2
262808,4,4,3
262820,4,2,1
262823,0,2,2
262838,2,2,4
262840,2,4,1
262847,3,3,1
262888,4,2,1
262900,4,2,1
262904,2,2,4
262931,4,3,2
262941,4,4,3
262942,3,4,2
262946,3,2,0
262950,0,4,4
262956,3,2,0
262972,0,2,2
262973,3,3,1
262987,0,2,2
262989,4,4,3
262991,3,3,1
262996,4,3,2
263023,4,2,1
263027,3,3,1
263053,3,2,0
263055,2,4,1
263111,0,4,4
263115,4,2,1
263133,3,4,2
263146,3,3,1
263151,4,2,1
263192,1,2,3
263195,2,2,4
263203,4,2,1
263205,4,2,1
263221,3,4,2
263233,2,2,4
263247,0,2,2
263294,4,2,1
263295,3,3,1
263297,4,2,1
263336,0,2,2
263342,4,2,1
263343,2,4,1
263346,3,2,0
263348,0,2,2
263368,2,2,4
263370,3,2,0
263378,0,4,4
263392,4,2,1
263430,4,4,3
263447,0,2,2
263448,0,1,1
263456,3,4,2
263468,4,2,1
263524,3,2,0
263534,3,2,0
263566,3,1,4
263584,4,2,1
263586,3,2,0
263611,2,4,1
263614,2,4,1
263617,3,2,0
263630,3,4,2
263647,4,4,3
263662,3,2,0
263684,2,1,3
263740,1,4,0
263756,0,4,4
263758,2,4,1
263806,0,2,2
263810,4,0,4
263828,0,2,2
263845,4,0,4
263849,4,4,3
263854,4,2,1
263875,4,2,1
263895,0,3,3
263904,2,1,3
263921,4,2,1
263942,3,4,2
263948,3,3,1
264008,4,1,0
264039,3,2,0
264051,0,2,2
264071,0,4,4
264088,4,3,2
264117,4,4,3
264133,3,1,4
264156,2,4,1
264194,2,1,3
264204,4,2,1
264217,1,4,0
264219,2,1,3
264234,4,2,1
264247,4,2,1
264254,0,4,4
264274,3,2,0
264277,1,2,3
264316,4,2,1
264321,4,1,0
264328,4,1,0
264338,3,4,2
264341,4,2,1
264361,3,4,2
264367,2,4,1
264371,2,2,4
264377,4,2,1
264387,4,2,1
264395,0,3,3
264400,4,1,0
264407,2,2,4
264425,4,4,3
264433,0,4,4
264469,4,3,2
264471,4,3,2
264476,3,3,1
264482,2,2,4
264485,4,2,1
264496,2,2,4
264504,4,3,2
264507,0,2,2
264518,0,2,2
264522,3,3,1
264523,0,4,4
264526,3,4,2
264541,3,3,1
264543,4,2,1
264552,4,4,3
264571,3,2,0
264585,2,4,1
264598,0,4,4
264648,0,1,1
264670,0,4,4
264686,1,4,0
264690,3,4,2
264698,4,1,0
264703,0,4,4
264719,4,2,1
264732,1,2,3
264752,1,4,0
264764,1,4,0
264766,2,2,4
264769,2,2,4
264780,4,3,2
264792,2,4,1
264793,2,2,4
264794,3,2,0
264809,0,1,1
264829,4,2,1
264838,4,2,1
264858,3,2,0
264862,4,2,1
264870,0,4,4
264871,4,4,3
264902,3,2,0
264904,4,2,1
264951,2,1,3
264970,0,4,4
265002,2,2,4
265005,2,2,4
265035,4,2,1
265036,4,4,3
265052,0,4,4
265056,1,2,3
265077,4,4,3
265080,4,0,4
265089,4,0,4
265097,0,4,4
265112,4,1,0
265114,4,4,3
265128,0,4,4
265131,4,1,0
265141,4,4,3
265151,4,4,3
265161,0,2,2
265194,4,2,1
265199,0,3,3
265213,4,4,3
265221,0,4,4
265233,1,2,3
265241,3,4,2
265248,4,2,1
265261,4,2,1
265282,3,4,2
265300,2,4,1
265303,2,4,1
265305,4,4,3
265310,1,3,4
265326,4,2,1
265328,4,3,2
265349,1,4,0
265365,1,2,3
265370,4,3,2
265373,4,2,1
265374,4,2,1
265383,0,2,2
265391,0,4,4
265409,3,4,2
265419,4,2,1
265424,4,1,0
265426,2,4,1
265428,4,3,2
265442,4,3,2
265444,4,3,2
265454,3,4,2
265461,3,4,2
265462,4,3,2
265513,4,2,1
265526,2,2,4
265530,4,2,1
265551,1,2,3
265555,4,2,1
265573,0,1,1
265586,0,2,2
265587,4,1,0
265592,4,2,1
265608,0,1,1
265615,4,2,1
265645,4,2,1
265702,3,3,1
265707,3,3,1
265718,4,3,2
265742,4,1,0
265747,3,2,0
265748,4,1,0
265750,4,2,1
265772,4,0,4
265774,4,2,1
265779,3,2,0
265797,3,1,4
265807,4,2,1
265816,0,2,2
265817,4,1,0
265822,0,4,4
265828,3,3,1
265831,4,4,3
265832,3,4,2
265853,0,2,2
265882,4,4,3
265910,2,1,3
265915,0,2,2
265917,2,4,1
265921,3,2,0
265934,4,4,3
265953,2,1,3
265957,0,4,4
265967,2,4,1
265969,3,0,3
265975,3,4,2
265983,0,2,2
265999,4,3,2
266010,4,2,1
266015,2,4,1
266020,4,2,1
266040,4,4,3
266043,3,2,0
266045,3,4,2
266057,4,2,1
266066,4,2,1
266069,4,1,0
266073,1,3,4
266076,4,2,1
266084,1,4,0
266132,4,3,2
266133,4,4,3
266136,0,2,2
266140,4,1,0
266153,4,2,1
266158,4,4,3
266160,3,2,0
266166,4,1,0
266168,4,4,3
266184,4,2,1
266187,1,2,3
266191,3,1,4
266195,0,1,1
266224,3,1,4
266229,4,2,1
266252,1,2,3
266276,0,4,4
266283,4,3,2
266285,3,4,2
266294,0,2,2
266318,2,2,4
266341,0,4,4
266361,4,0,4
266375,4,2,1
266384,0,2,2
266396,4,4,3
266404,3,4,2
266431,4,0,4
266438,4,1,0
266472,4,2,1
266486,0,4,4
266488,1,4,0
266493,4,2,1
266499,2,4,1
266509,4,2,1
266510,0,2,2
266544,4,3,2
266556,4,4,3
266563,0,2,2
266565,3,2,0
266567,4,4,3
266590,3,4,2
266600,3,4,2
266602,0,2,2
266634,4,4,3
266641,4,4,3
266648,4,1,0
266670,4,2,1
266679,4,2,1
266689,4,4,3
266691,1,3,4
266695,2,2,4
266731,4,2,1
266755,4,4,3
266756,4,1,0
266764,0,1,1
266797,3,4,2
266811,0,3,3
266813,4,1,0
266833,0,2,2
266839,0,2,2
266843,0,2,2
266861,4,4,3
266867,4,4,3
266874,4,4,3
266896,4,2,1
266919,2,4,1
266933,3,1,4
266943,3,2,0
266966,3,1,4
266976,0,4,4
267004,4,3,2
267035,0,2,2
267087,3,4,2
267088,4,2,1
267135,3,4,2
267143,4,4,3
267161,4,2,1
267188,4,3,2
267206,2,4,1
267238,3,1,4
267277,4,2,1
267292,4,2,1
267336,3,2,0
267339,4,3,2
267343,4,3,2
267345,4,2,1
267381,4,4,3
267415,2,2,4
267422,3,2,0
267435,4,3,2
267441,4,2,1
267442,4,4,3
267450,4,1,0
267462,4,3,2
267472,4,4,3
267482,3,4,2
267512,4,2,1
267540,4,2,1
267549,4,0,4
267562,3,2,0
267569,4,2,1
267577,4,2,1
267579,4,4,3
267582,4,4,3
267593,4,4,3
267608,3,2,0
267631,4,3,2
267638,4,2,1
267639,4,2,1
267642,4,2,1
267651,4,4,3
267654,4,2,1
267657,4,2,1
267661,3,4,2
267663,4,3,2
267679,3,2,0
267690,0,4,4
267706,4,4,3
267726,4,2,1
267730,3,4,2
267750,0,2,2
267752,4,4,3
267760,3,3,1
267789,3,3,1
267794,2,2,4
267816,0,2,2
267841,4,2,1
267864,3,1,4
267865,3,1,4
267891,2,4,1
267920,2,4,1
267927,4,0,4
267953,2,2,4
267960,3,3,1
268014,0,4,4
268020,1,4,0
268024,4,4,3
268026,0,2,2
268029,4,1,0
268043,4,1,0
268047,4,4,3
268057,0,4,4
268061,3,3,1
268062,3,3,1
268064,4,3,2
268078,4,4,3
268096,0,1,1
268116,3,4,2
268127,2,1,3
268128,1,2,3
268134,4,3,2
268145,3,1,4
268164,2,4,1
268166,1,4,0
268167,4,2,1
268184,3,4,2
268190,3,4,2
268193,2,4,1
268204,1,2,3
268207,4,2,1
268219,4,4,3
268236,2,4,1
268241,2,4,1
268242,3,4,2
268250,0,4,4
268275,2,4,1
268291,2,4,1
268303,4,2,1
268304,1,2,3
268316,4,2,1
268340,4,4,3
268351,3,4,2
268399,4,4,3
268400,0,4,4
268409,4,4,3
268410,4,3,2
268413,3,3,1
268420,3,1,4
268467,2,2,4
268506,4,4,3
268532,3,4,2
268538,3,4,2
268547,3,2,0
268551,2,4,1
268563,1,2,3
268570,2,1,3
268571,0,4,4
268573,4,3,2
268583,2,1,3
268586,4,4,3
268587,0,2,2
268589,3,4,2
268591,0,4,4
268592,3,2,0
268603,3,4,2
268621,2,2,4
268622,4,4,3
268642,2,4,1
268643,4,4,3
268646,4,3,2
268652,4,2,1
268664,0,2,2
268674,1,3,4
268676,2,1,3
268697,0,4,4
268711,3,4,2
268731,4,4,3
268734,1,2,3
268764,0,2,2
268765,3,4,2
268771,4,2,1
268784,4,2,1
268795,4,4,3
268796,0,2,2
268798,4,2,1
268800,2,4,1
268805,0,2,2
268813,3,2,0
268828,0,2,2
268847,4,3,2
268852,4,4,3
268862,4,3,2
268864,4,2,1
268869,3,1,4
268882,4,2,1
268888,4,1,0
268897,0,2,2
268905,4,2,1
268926,3,4,2
268928,3,3,1
268943,4,2,1
268961,4,1,0
268966,2,4,1
268977,2,4,1
268987,4,0,4
268993,4,0,4
269003,0,1,1
269019,4,1,0
269048,2,2,4
269075,4,4,3
269107,3,4,2
269120,4,1,0
269130,4,4,3
269140,0,4,4
269195,4,2,1
269204,3,1,4
269221,2,4,1
269223,0,4,4
269224,1,2,3
269246,4,4,3
269259,2,4,1
269270,4,0,4
269297,3,4,2
269300,0,2,2
269309,2,4,1
269321,3,4,2
269323,4,2,1
269376,0,3,3
269398,4,1,0
269403,3,1,4
269406,0,4,4
269415,4,1,0
269431,4,0,4
269465,0,4,4
269471,2,2,4
269482,3,4,2
269484,4,2,1
269489,3,2,0
269491,4,2,1
269510,4,4,3
269525,4,4,3
269547,2,2,4
269563,0,4,4
269570,4,4,3
269610,4,2,1
269618,2,4,1
269625,4,4,3
269627,4,4,3
269651,0,4,4
269654,0,4,4
269659,2,2,4
269671,3,2,0
269702,1,2,3
269706,4,3,2
269731,4,2,1
269733,4,3,2
269750,0,4,4
269757,1,2,3
269764,4,4,3
269795,4,3,2
269802,3,4,2
269819,0,1,1
269827,3,4,2
269834,4,2,1
269838,3,3,1
269848,2,3,0
269877,4,2,1
269896,2,4,1
269899,4,2,1
269909,0,4,4
269917,4,2,1
269919,3,2,0
269934,4,4,3
269938,4,2,1
269939,0,4,4
269945,0,1,1
269947,1,2,3
269950,4,4,3
269951,4,4,3
269957,2,4,1
269959,2,4,1
269966,4,4,3
269971,4,2,1
269978,4,4,3
269979,3,2,0
269986,4,3,2
269988,4,2,1
269991,4,4,3
269994,4,4,3
269995,4,4,3
270013,1,2,3
270027,4,2,1
270044,2,4,1
270047,2,4,1
270053,3,1,4
270054,4,2,1
270058,0,2,2
270059,2,4,1
270067,4,2,1
270079,2,2,4
270080,4,2,1
270096,0,4,4
270112,4,2,1
270127,4,4,3
270131,4,2,1
270151,2,2,4
270172,3,4,2
270189,3,4,2
270203,1,3,4
270205,0,2,2
270219,0,1,1
270235,3,2,0
270237,3,1,4
270238,3,4,2
270255,4,2,1
270260,2,4,1
270265,0,4,4
270271,2,4,1
270290,4,4,3
270301,4,3,2
270303,4,4,3
270304,4,3,2
270311,4,1,0
270321,3,0,3
270330,4,4,3
270332,4,3,2
270341,4,3,2
270346,4,3,2
270347,4,4,3
270356,3,3,1
270381,4,2,1
270390,4,4,3
270395,0,4,4
270402,4,2,1
270406,3,4,2
270416,0,2,2
270449,4,4,3
270464,4,2,1
270465,0,4,4
270495,4,4,3
270551,4,2,1
270571,4,2,1
270582,3,2,0
270596,4,0,4
270601,2,4,1
270606,4,2,1
270607,4,2,1
270614,2,2,4
270617,2,2,4
270624,1,2,3
270626,3,2,0
270639,3,2,0
270646,3,2,0
270649,4,4,3
270656,3,3,1
270661,4,1,0
270689,4,2,1
270704,4,4,3
270708,3,2,0
270712,3,3,1
270732,3,4,2
270735,0,2,2
270743,4,1,0
270745,0,2,2
270746,4,3,2
270753,1,2,3
270759,4,2,1
270775,0,4,4
270781,4,0,4
270795,3,3,1
270812,4,4,3
270814,3,1,4
270820,4,2,1
270823,3,3,1
270829,0,1,1
270859,4,4,3
270899,4,1,0
270902,3,2,0
270911,2,2,4
270916,4,2,1
270926,3,2,0
270931,4,4,3
270932,4,4,3
270937,4,4,3
270947,4,2,1
270960,3,3,1
270981,4,2,1
270986,4,4,3
271000,4,2,1
271010,3,2,0
271024,2,4,1
271040,4,2,1
271060,4,4,3
271091,4,2,1
271095,3,2,0
271099,4,0,4
271102,4,2,1
271108,0,3,3
271143,1,4,0
271153,3,3,1
271162,3,3,1
271171,2,2,4
271173,3,3,1
271190,3,4,2
271191,4,2,1
271197,4,3,2
271228,3,2,0
271234,0,4,4
271256,4,3,2
271266,0,2,2
271267,4,4,3
271274,2,4,1
271282,4,4,3
271322,4,2,1
271341,0,2,2
271347,3,2,0
271348,0,2,2
271362,4,4,3
271375,4,2,1
271390,0,2,2
271400,3,2,0
271405,0,1,1
271406,1,2,3
271443,4,4,3
271453,3,2,0
271463,0,2,2
271470,4,1,0
271487,4,4,3
271488,4,2,1
271500,3,2,0
271503,4,3,2
271517,0,2,2
271547,2,2,4
271557,4,2,1
271582,2,2,4
271589,2,4,1
271592,4,2,1
271598,4,4,3
271614,0,4,4
271616,3,2,0
271621,2,2,4
271628,2,2,4
271630,4,2,1
271636,3,4,2
271651,3,2,0
271660,4,3,2
271661,2,2,4
271670,3,3,1
271687,4,2,1
271689,2,2,4
271692,4,1,0
271697,2,2,4
271716,1,2,3
271730,4,1,0
271732,2,2,4
271735,1,4,0
271746,4,2,1
271788,2,2,4
271801,0,4,4
271804,3,2,0
271809,0,4,4
271812,4,4,3
271815,3,3,1
271825,3,2,0
271846,0,0,0
271852,4,2,1
271862,0,2,2
271867,3,2,0
271887,3,1,4
271893,0,3,3
271906,1,2,3
271951,3,1,4
271957,4,4,3
271971,2,1,3
271986,0,2,2
271987,3,4,2
271990,0,4,4
272001,4,3,2
272011,1,2,3
272012,2,2,4
272020,4,4,3
272031,0,2,2
272032,2,4,1
272036,4,1,0
272050,2,1,3
272053,1,2,3
272064,4,4,3
272065,4,4,3
272076,2,4,1
272077,4,1,0
272121,0,2,2
272129,0,4,4
272138,4,2,1
272143,0,3,3
272149,2,2,4
272166,4,2,1
272174,1,4,0
272182,4,2,1
272187,2,0,2
272226,4,4,3
272250,4,4,3
272257,4,1,0
272297,4,2,1
272307,0,2,2
272322,4,2,1
272336,4,4,3
272362,3,2,0
272367,0,4,4
272391,4,4,3
272400,0,1,1
272402,4,4,3
272412,4,2,1
272418,3,4,2
272428,0,2,2
272432,4,3,2
272439,2,2,4
272440,2,4,1
272468,3,3,1
272505,4,2,1
272518,0,2,2
272540,3,1,4
272549,3,3,1
272566,2,1,3
272568,1,2,3
272581,4,4,3
272600,3,4,2
272619,4,1,0
272629,3,4,2
272634,0,3,3
272639,3,4,2
272646,0,4,4
272648,0,1,1
272650,0,2,2
272659,2,2,4
272660,4,1,0
272661,4,2,1
272672,0,4,4
272673,4,3,2
272690,2,2,4
272691,1,4,0
272720,3,2,0
272724,3,3,1
272733,4,4,3
272734,1,2,3
272738,4,2,1
272759,4,2,1
272760,4,3,2
272779,4,3,2
272780,4,4,3
272783,3,4,2
272790,4,4,3
272871,0,4,4
272873,3,4,2
272875,4,2,1
272883,3,4,2
272892,4,4,3
272909,0,4,4
272915,2,1,3
272938,3,2,0
272944,2,2,4
272967,2,2,4
272975,4,4,3
272977,4,2,1
272987,0,4,4
273015,0,4,4
273017,1,4,0
273034,3,4,2
273063,4,2,1
273069,4,3,2
273077,0,2,2
273088,1,2,3
273090,3,1,4
273099,3,1,4
273120,0,2,2
273142,2,1,3
273154,2,4,1
273182,3,3,1
273194,4,2,1
273210,4,4,3
273215,4,2,1
273244,2,2,4
273254,4,4,3
273256,0,2,2
273257,2,4,1
273279,0,3,3
273297,0,2,2
273298,0,2,2
273332,0,4,4
273355,4,1,0
273364,0,2,2
273365,0,4,4
273366,2,4,1
273368,0,2,2
273379,4,2,1
273389,0,3,3
273400,2,2,4
273409,4,1,0
273412,0,4,4
273418,1,2,3
273423,2,2,4
273425,4,4,3
273444,4,3,2
273472,3,2,0
273488,2,2,4
273489,0,4,4
273490,0,4,4
273507,0,2,2
273518,4,1,0
273519,3,1,4
273531,3,2,0
273576,4,2,1
273596,0,2,2
273617,4,4,3
273618,4,2,1
273619,4,4,3
273630,4,4,3
273643,0,4,4
273651,2,4,1
273669,2,2,4
273673,4,4,3
273684,0,4,4
273711,1,2,3
273718,0,4,4
273727,4,2,1
273738,1,2,3
273743,4,2,1
273744,0,4,4
273748,2,2,4
273769,2,2,4
273797,4,1,0
273806,2,2,4
273808,4,3,2
273810,3,2,0
273811,1,2,3
273819,4,4,3
273846,4,1,0
273892,4,4,3
273931,4,4,3
273951,4,3,2
274037,4,3,2
274044,4,3,2
274051,4,4,3
274090,4,4,3
274093,4,1,0
274094,4,2,1
274110,3,2,0
274169,4,3,2
274187,4,1,0
274233,4,1,0
274243,4,4,3
274266,4,4,3
274267,4,4,3
274279,3,0,3
274289,3,4,2
274295,4,2,1
274301,4,3,2
274350,3,3,1
274359,0,2,2
274397,3,4,2
274425,4,2,1
274444,2,4,1
274462,1,2,3
274487,4,4,3
274492,4,1,0
274496,3,3,1
274513,3,4,2
274527,4,4,3
274528,4,4,3
274535,3,4,2
274543,1,2,3
274548,2,4,1
274551,4,2,1
274564,4,1,0
274595,4,4,3
274614,2,2,4
274634,2,2,4
274643,0,1,1
274644,0,4,4
274658,2,4,1
274660,4,2,1
274661,0,3,3
274666,0,2,2
274667,0,4,4
274672,4,4,3
274679,0,1,1
274683,4,1,0
274685,4,1,0
274689,4,2,1
274705,4,4,3
274708,2,2,4
274715,4,3,2
274722,2,1,3
274740,2,2,4
274787,4,4,3
274794,4,2,1
274803,4,4,3
274807,4,2,1
274812,4,2,1
274817,4,2,1
274826,2,2,4
274833,3,4,2
274848,3,2,0
274849,3,2,0
274852,2,2,4
274861,3,4,2
274886,2,4,1
274904,4,2,1
274916,3,1,4
274924,2,4,1
274941,0,4,4
274944,3,4,2
274949,3,2,0
274952,0,2,2
274963,2,4,1
274967,3,2,0
275008,2,2,4
275013,4,4,3
275020,1,4,0
275021,3,3,1
275045,0,4,4
275052,4,2,1
275067,2,2,4
275068,0,2,2
275077,4,4,3
275090,2,4,1
275113,4,3,2
275121,3,2,0
275146,0,2,2
275162,0,2,2
275164,1,4,0
275172,3,3,1
275210,0,2,2
275216,4,2,1
275217,0,0,0
275218,0,4,4
275225,4,4,3
275237,4,2,1
275257,4,4,3
275279,0,2,2
275280,0,2,2
275282,4,1,0
275283,4,2,1
275290,3,2,0
275302,3,1,4
275337,4,4,3
275338,3,4,2
275348,4,2,1
275386,4,2,1
275398,0,2,2
275403,2,2,4
275410,0,4,4
275419,4,2,1
275430,0,2,2
275437,4,2,1
275443,4,1,0
275475,3,4,2
275476,4,2,1
275480,1,2,3
275482,4,2,1
275494,2,2,4
275496,4,1,0
275529,4,4,3
275534,4,4,3
275535,0,4,4
275564,3,3,1
275580,2,4,1
275585,2,2,4
275590,0,2,2
275592,4,4,3
275596,0,4,4
275601,4,2,1
275611,1,4,0
275624,1,2,3
275640,0,2,2
275649,4,4,3
275651,3,2,0
275680,4,4,3
275689,2,1,3
275702,4,2,1
275740,4,4,3
275755,3,2,0
275769,0,2,2
275781,2,4,1
275790,2,4,1
275794,2,4,1
275800,3,1,4
275822,3,4,2
275823,3,4,2
275862,3,2,0
275865,4,2,1
275870,3,1,4
275878,0,3,3
275882,4,3,2
275896,4,1,0
275897,3,3,1
275899,2,4,1
275908,0,4,4
275916,0,4,4
275917,0,1,1
275924,4,4,3
275928,4,1,0
275933,3,3,1
275965,3,2,0
275966,4,2,1
275976,2,1,3
275977,1,2,3
275980,4,4,3
275982,1,2,3
275984,2,4,1
275999,4,1,0
276019,0,4,4
276022,0,4,4
276033,4,4,3
276053,4,3,2
276066,4,4,3
276077,2,4,1
276096,0,4,4
276104,2,2,4
276113,4,2,1
276118,4,4,3
276122,3,0,3
276123,4,4,3
276130,4,2,1
276138,2,1,3
276142,3,2,0
276143,4,4,3
276159,4,2,1
276160,2,2,4
276163,4,4,3
276166,4,4,3
276169,2,4,1
276191,3,3,1
276212,4,2,1
276221,4,4,3
276226,1,2,3
276238,4,4,3
276240,0,3,3
276252,0,2,2
276259,2,2,4
276297,4,1,0
276305,0,2,2
276308,4,4,3
276310,2,2,4
276330,3,3,1
276332,2,2,4
276338,2,2,4
276341,4,2,1
276362,3,4,2
276373,3,1,4
276382,2,1,3
276402,1,2,3
276433,4,2,1
276434,1,2,3
276437,2,2,4
276448,4,4,3
276462,2,1,3
276465,3,2,0
276494,2,2,4
276506,4,2,1
276525,0,4,4
276549,4,2,1
276552,4,1,0
276555,1,4,0
276564,3,1,4
276575,3,1,4
276579,0,2,2
276582,1,3,4
276588,0,1,1
276589,4,2,1
276594,4,2,1
276596,4,1,0
276611,0,2,2
276633,2,4,1
276640,3,2,0
276645,3,3,1
276671,0,4,4
276706,4,1,0
276722,3,4,2
276734,4,3,2
276766,4,3,2
276817,4,4,3
276819,4,3,2
276823,3,4,2
276838,4,4,3
276841,2,4,1
276849,4,1,0
276861,1,3,4
276867,2,4,1
276883,4,2,1
276884,0,4,4
276892,1,3,4
276894,4,4,3
276900,4,1,0
276902,4,2,1
276913,0,2,2
276934,2,4,1
276936,4,2,1
276946,2,1,3
276957,3,2,0
276970,0,4,4
276973,2,4,1
276980,2,2,4
277012,1,2,3
277013,4,2,1
277023,4,4,3
277024,1,2,3
277051,4,2,1
277056,4,0,4
277087,4,1,0
277091,0,2,2
277121,3,2,0
277133,4,2,1
277148,4,4,3
277153,3,2,0
277159,4,2,1
277160,2,4,1
277164,4,1,0
277177,3,1,4
277178,0,2,2
277181,1,4,0
277189,3,2,0
277191,2,4,1
277205,3,4,2
277213,4,3,2
277214,4,3,2
277232,4,4,3
277237,4,4,3
277238,2,4,1
277251,4,1,0
277252,2,4,1
277263,4,1,0
277264,2,2,4
277266,4,1,0
277273,0,2,2
277274,3,4,2
277279,2,2,4
277291,3,4,2
277292,0,2,2
277304,0,4,4
277313,0,1,1
277339,4,2,1
277341,0,1,1
277343,0,2,2
277361,3,2,0
277393,4,2,1
277401,3,2,0
277411,0,2,2
277447,2,2,4
277454,4,4,3
277465,0,2,2
277468,0,4,4
277470,0,3,3
277471,2,2,4
277480,4,2,1
277497,4,2,1
277509,4,2,1
277524,1,4,0
277529,0,4,4
277544,4,4,3
277560,4,2,1
277568,4,4,3
277581,3,3,1
277583,0,4,4
277587,1,4,0
277611,4,4,3
277635,4,4,3
277638,3,4,2
277640,3,2,0
277647,3,4,2
277676,0,2,2
277691,0,3,3
277699,2,4,1
277711,1,4,0
277723,0,4,4
277732,2,2,4
277744,4,0,4
277748,0,2,2
277766,1,2,3
277767,1,2,3
277776,4,3,2
277784,3,2,0
277811,2,4,1
277819,4,2,1
277821,4,2,1
277822,4,2,1
277824,2,2,4
277830,1,4,0
277832,4,1,0
277834,4,2,1
277837,0,2,2
277853,4,1,0
277864,4,2,1
277888,3,4,2
277890,4,4,3
277935,3,3,1
277994,3,3,1
278008,3,4,2
278041,0,1,1
278046,2,2,4
278053,2,2,4
278069,2,4,1
278072,2,4,1
278073,4,4,3
278075,0,2,2
278078,0,4,4
278086,4,4,3
278088,0,2,2
278096,2,4,1
278109,4,1,0
278135,1,2,3
278145,4,4,3
278146,2,4,1
278150,4,1,0
278153,2,4,1
278159,4,1,0
278169,0,2,2
278208,3,4,2
278209,0,2,2
278218,1,2,3
278223,2,1,3
278230,4,4,3
278243,4,3,2
278244,4,3,2
278256,3,1,4
278257,3,4,2
278261,1,2,3
278272,3,4,2
278292,4,2,1
278302,0,2,2
278306,2,1,3
278317,4,2,1
278328,4,4,3
278361,1,4,0
278367,2,2,4
278372,3,3,1
278386,0,4,4
278398,4,4,3
278411,2,4,1
278413,1,3,4
278416,4,2,1
278425,4,3,2
278427,0,4,4
278443,4,2,1
278446,4,4,3
278447,2,4,1
278451,4,3,2
278462,4,1,0
278477,0,4,4
278498,4,4,3
278508,4,2,1
278513,4,2,1
278517,4,1,0
278541,3,4,2
278546,0,2,2
278559,4,2,1
278571,0,4,4
278580,2,4,1
278590,4,4,3
278593,4,4,3
278608,0,4,4
278611,3,1,4
278625,4,2,1
278628,1,2,3
278680,4,2,1
278681,4,3,2
278683,3,2,0
278693,3,2,0
278725,3,1,4
278779,3,2,0
278784,4,4,3
278787,3,2,0
278796,4,2,1
278830,4,2,1
278840,4,2,1
278848,3,4,2
278853,4,3,2
278857,3,4,2
278875,4,4,3
278939,4,4,3
278948,4,3,2
278953,4,2,1
278964,4,4,3
278971,4,1,0
278976,0,2,2
278981,0,2,2
279003,4,2,1
279020,2,4,1
279023,0,4,4
279043,3,3,1
279055,4,2,1
279094,3,4,2
279115,2,2,4
279125,4,4,3
279129,1,2,3
279136,3,4,2
279145,4,1,0
279147,1,4,0
279152,3,1,4
279161,0,2,2
279165,4,2,1
279169,2,4,1
279176,0,2,2
279194,4,2,1
279195,0,1,1
279202,4,1,0
279230,2,4,1
279254,4,4,3
279272,0,1,1
279273,0,3,3
279274,4,2,1
279276,2,2,4
279290,0,2,2
279313,0,4,4
279317,0,4,4
279318,3,2,0
279321,1,2,3
279331,1,2,3
279345,1,3,4
279347,2,1,3
279372,3,4,2
279379,3,2,0
279380,2,2,4
279393,0,4,4
279405,1,2,3
279418,4,2,1
279432,4,1,0
279445,2,2,4
279450,4,2,1
279454,1,2,3
279458,2,2,4
279471,3,3,1
279493,4,4,3
279495,2,2,4
279497,4,2,1
279504,1,2,3
279507,0,4,4
279508,4,2,1
279512,0,2,2
279517,0,3,3
279522,0,4,4
279564,3,2,0
279578,3,4,2
279579,0,2,2
279582,4,4,3
279592,4,1,0
279595,2,4,1
279603,3,2,0
279606,1,2,3
279614,2,2,4
279643,0,4,4
279651,0,1,1
279655,4,2,1
279684,4,2,1
279694,4,4,3
279701,0,2,2
279714,2,2,4
279722,3,2,0
279761,2,4,1
279771,4,4,3
279789,4,2,1
279804,4,2,1
279815,4,2,1
279819,4,2,1
279820,3,3,1
279829,2,4,1
279830,4,1,0
279837,0,1,1
279838,4,2,1
279887,1,4,0
279909,3,2,0
279919,4,4,3
279924,0,4,4
279929,4,4,3
279933,4,2,1
279936,1,2,3
279940,4,4,3
279942,3,4,2
279943,0,2,2
279946,2,2,4
279955,4,2,1
279973,4,2,1
279994,0,2,2
279995,0,2,2
280031,2,4,1
280033,2,2,4
280062,4,2,1
280070,3,4,2
280105,4,2,1
280115,2,4,1
280142,4,2,1
280149,0,4,4
280155,4,2,1
280159,4,2,1
280171,3,2,0
280176,0,2,2
280179,2,2,4
280187,0,2,2
280195,0,4,4
280207,4,4,3
280227,2,2,4
280229,3,4,2
280259,0,4,4
280269,0,4,4
280283,2,4,1
280285,0,2,2
280286,0,1,1
280300,2,1,3
280321,4,2,1
280326,4,4,3
280342,0,2,2
280352,4,4,3
280359,3,4,2
280363,3,3,1
280367,3,2,0
280406,0,4,4
280408,0,2,2
280412,2,4,1
280416,3,4,2
280424,4,4,3
280466,3,3,1
280473,1,2,3
280476,2,2,4
280482,0,2,2
280496,4,3,2
280501,4,3,2
280502,3,4,2
280513,4,2,1
280527,4,2,1
280528,3,2,0
280542,0,4,4
280549,2,4,1
280553,4,1,0
280560,1,2,3
280563,2,4,1
280573,4,2,1
280575,4,4,3
280597,4,2,1
280606,0,2,2
280617,4,4,3
280637,3,1,4
280638,2,4,1
280645,2,4,1
280648,1,2,3
280665,0,2,2
280671,4,3,2
280678,4,4,3
280685,3,4,2
280717,4,2,1
280718,4,3,2
280727,4,2,1
280731,4,4,3
280751,3,4,2
280753,0,2,2
280758,3,4,2
280767,0,2,2
280787,0,3,3
280797,0,4,4
280807,1,3,4
280829,2,4,1
280839,3,2,0
280861,0,2,2
280863,3,3,1
280890,4,4,3
280905,4,4,3
280908,1,3,4
280918,0,2,2
280921,3,4,2
280924,4,4,3
280932,4,4,3
280937,4,2,1
280953,4,1,0
280965,3,4,2
280980,0,2,2
280988,2,1,3
281009,1,4,0
281013,3,2,0
281040,1,4,0
281042,2,2,4
281043,4,1,0
281050,4,2,1
281052,4,1,0
281055,3,3,1
281094,4,4,3
281119,4,0,4
281124,4,4,3
281132,4,2,1
281147,0,2,2
281153,2,4,1
281155,2,2,4
281168,2,4,1
281177,4,3,2
281215,0,1,1
281223,0,1,1
281225,2,2,4
281226,1,2,3
281243,1,2,3
281250,4,2,1
281276,4,3,2
281279,2,2,4
281280,0,4,4
281282,3,2,0
281324,3,2,0
281326,1,2,3
281351,3,4,2
281386,4,4,3
281396,4,1,0
281410,4,2,1
281421,2,4,1
281468,3,4,2
281480,2,2,4
281484,1,2,3
281495,4,2,1
281501,2,2,4
281510,3,1,4
281512,4,4,3
281523,4,2,1
281531,4,2,1
281536,4,2,1
281541,4,4,3
281544,0,1,1
281554,0,4,4
281583,3,2,0
281584,4,4,3
281590,0,2,2
281600,1,2,3
281601,3,2,0
281605,2,2,4
281613,3,3,1
281615,0,2,2
281621,0,4,4
281630,4,4,3
281634,3,2,0
281746,3,3,1
281749,0,2,2
281776,0,2,2
281810,3,4,2
281825,4,3,2
281834,0,4,4
281841,4,4,3
281854,3,2,0
281863,4,2,1
281864,3,4,2
281869,1,2,3
281872,4,2,1
281891,4,4,3
281895,0,2,2
281896,4,1,0
281900,0,2,2
281901,2,0,2
281931,4,0,4
281935,3,4,2
281936,0,4,4
281938,3,2,0
281945,0,2,2
281952,0,2,2
281960,0,4,4
281962,4,3,2
281983,0,2,2
281988,4,2,1
281999,4,4,3
282000,4,4,3
282005,4,2,1
282017,4,2,1
282022,3,4,2
282024,4,4,3
282042,4,4,3
282052,3,4,2
282056,4,4,3
282059,0,4,4
282117,3,3,1
282122,0,4,4
282136,0,1,1
282137,2,4,1
282141,2,2,4
282157,4,4,3
282161,4,2,1
282165,2,2,4
282182,4,4,3
282183,0,2,2
282199,0,2,2
282205,3,3,1
282231,0,3,3
282236,2,2,4
282247,0,4,4
282259,2,2,4
282280,0,2,2
282285,4,4,3
282308,4,2,1
282315,0,4,4
282334,0,4,4
282389,4,2,1
282390,4,2,1
282400,4,4,3
282448,3,2,0
282454,4,2,1
282483,3,4,2
282520,3,1,4
282525,4,3,2
282554,1,4,0
282560,2,4,1
282563,0,4,4
282583,3,1,4
282584,4,3,2
282601,4,4,3
282618,4,1,0
282629,3,2,0
282646,4,0,4
282657,0,2,2
282664,0,2,2
282665,0,4,4
282671,4,1,0
282679,0,4,4
282702,4,4,3
282706,4,3,2
282721,2,4,1
282724,3,4,2
282740,4,4,3
282752,0,0,0
282795,2,1,3
282809,2,4,1
282815,4,0,4
282824,3,2,0
282853,4,3,2
282859,0,2,2
282864,0,2,2
282868,4,3,2
282878,2,4,1
282891,0,4,4
282912,3,4,2
282913,0,4,4
282916,4,4,3
282940,4,1,0
282949,1,2,3
282964,4,1,0
282973,4,1,0
282992,0,4,4
282993,2,2,4
283024,2,2,4
283057,4,2,1
283065,0,1,1
283072,1,2,3
283076,2,4,1
283081,1,4,0
283098,3,3,1
283120,2,2,4
283129,0,4,4
283144,1,2,3
283154,4,1,0
283157,0,2,2
283192,2,2,4
283198,4,4,3
283212,4,4,3
283217,1,2,3
283218,4,1,0
283222,2,2,4
283225,4,4,3
283226,4,4,3
283277,0,2,2
283282,3,4,2
283318,1,2,3
283323,1,2,3
283339,3,4,2
283345,4,4,3
283347,1,2,3
283353,2,1,3
283357,1,2,3
283360,0,2,2
283383,3,3,1
283385,0,1,1
283389,0,2,2
283437,2,2,4
283448,4,1,0
283471,0,4,4
283476,2,4,1
283497,2,2,4
283501,0,2,2
283514,3,2,0
283528,4,4,3
283540,2,2,4
283550,0,2,2
283557,1,2,3
283577,3,3,1
283600,0,2,2
283606,3,4,2
283626,2,4,1
283630,4,2,1
283634,4,3,2
283638,1,3,4
283652,4,4,3
283660,3,3,1
283694,4,4,3
283732,4,4,3
283745,4,2,1
283776,2,1,3
283778,2,2,4
283781,4,2,1
283784,1,4,0
283786,4,3,2
283817,3,1,4
283831,3,4,2
283833,4,4,3
283838,4,2,1
283857,4,2,1
283861,2,4,1
283866,0,4,4
283872,4,4,3
283875,4,2,1
283878,3,4,2
283879,4,2,1
283889,3,3,1
283898,2,1,3
283900,4,2,1
283902,4,2,1
283906,1,2,3
283921,1,2,3
283922,0,4,4
283928,0,2,2
283929,2,4,1
283981,0,4,4
284014,4,2,1
284034,4,4,3
284046,4,2,1
284064,0,4,4
284065,3,3,1
284067,3,2,0
284080,3,1,4
284088,4,4,3
284099,3,1,4
284101,2,1,3
284121,4,2,1
284123,1,2,3
284128,0,4,4
284157,4,2,1
284161,0,2,2
284184,4,3,2
284190,3,4,2
284193,4,3,2
284205,3,4,2
284213,0,3,3
284235,4,1,0
284269,3,4,2
284276,4,4,3
284299,3,1,4
284310,4,3,2
284316,4,3,2
284328,4,1,0
284331,3,2,0
284339,0,2,2
284345,2,2,4
284350,3,4,2
284382,3,4,2
284400,2,4,1
284407,4,4,3
284408,3,2,0
284417,1,1,2
284424,4,4,3
284450,2,4,1
284456,2,4,1
284468,4,4,3
284478,1,2,3
284480,4,1,0
284482,2,4,1
284494,0,4,4
284499,0,4,4
284504,4,2,1
284507,2,4,1
284517,4,2,1
284558,4,3,2
284562,3,2,0
284564,0,4,4
284574,0,4,4
284581,4,4,3
284586,4,2,1
284587,0,4,4
284593,4,4,3
284609,4,2,1
284619,2,4,1
284623,4,4,3
284639,3,4,2
284644,4,2,1
284647,1,2,3
284658,4,2,1
284660,3,4,2
284687,0,1,1
284699,2,4,1
284709,2,1,3
284727,0,2,2
284739,3,4,2
284748,2,4,1
284762,2,2,4
284765,2,1,3
284781,0,4,4
284789,0,4,4
284796,3,3,1
284804,2,4,1
284850,0,1,1
284857,0,2,2
284877,0,1,1
284892,2,4,1
284895,4,4,3
284918,4,4,3
284937,0,4,4
284962,3,3,1
284964,0,4,4
284968,2,4,1
284974,1,3,4
284976,2,4,1
284979,0,4,4
284981,3,2,0
284994,2,2,4
284998,2,3,0
285005,3,2,0
285006,2,4,1
285014,4,4,3
285020,4,2,1
285031,4,4,3
285046,3,3,1
285054,3,4,2
285072,2,1,3
285074,4,2,1
285083,0,4,4
285093,0,4,4
285115,4,2,1
285142,4,4,3
285143,2,4,1
285164,3,4,2
285184,4,2,1
285188,4,4,3
285189,2,2,4
285197,0,2,2
285219,0,1,1
285220,0,4,4
285274,4,2,1
285300,2,2,4
285306,4,4,3
285350,4,3,2
285368,0,2,2
285376,3,4,2
285377,2,4,1
285380,1,4,0
285402,4,4,3
285421,4,2,1
285498,3,3,1
285503,4,1,0
285575,3,4,2
285576,3,3,1
285595,4,4,3
285629,4,3,2
285649,4,4,3
285696,4,2,1
285713,4,4,3
285717,4,4,3
285734,4,1,0
285782,4,2,1
285788,4,3,2
285799,4,3,2
285872,4,2,1
285900,2,1,3
285921,3,2,0
285922,4,4,3
285926,4,1,0
285928,4,0,4
285946,0,2,2
285975,2,4,1
285984,0,4,4
285987,3,4,2
285999,2,2,4
286015,4,2,1
286029,0,4,4
286032,4,4,3
286034,0,1,1
286063,4,2,1
286092,3,3,1
286105,4,2,1
286106,2,2,4
286137,2,1,3
286139,2,4,1
286141,4,3,2
286150,4,2,1
286156,2,1,3
286162,4,0,4
286165,4,4,3
286171,4,2,1
286181,0,4,4
286193,0,1,1
286206,3,4,2
286211,4,2,1
286219,3,4,2
286222,4,4,3
286225,2,4,1
286234,4,3,2
286246,2,2,4
286251,3,1,4
286256,4,2,1
286264,3,1,4
286286,4,4,3
286293,2,2,4
286305,4,3,2
286326,4,2,1
286329,3,3,1
286331,2,2,4
286341,4,2,1
286349,3,1,4
286364,3,2,0
286369,4,3,2
286370,4,4,3
286376,2,1,3
286419,3,4,2
286421,4,2,1
286431,1,2,3
286444,2,4,1
286465,1,2,3
286475,4,4,3
286476,0,4,4
286479,4,4,3
286500,3,3,1
286503,0,2,2
286528,4,2,1
286532,4,4,3
286543,3,4,2
286564,0,4,4
286583,0,2,2
286587,4,4,3
286592,1,2,3
286601,2,4,1
286604,2,4,1
286606,3,1,4
286616,4,1,0
286623,4,4,3
286666,1,2,3
286689,0,2,2
286694,0,2,2
286700,0,2,2
286708,3,4,2
286724,3,4,2
286731,3,4,2
286757,0,2,2
286763,3,3,1
286764,0,4,4
286765,3,4,2
286767,3,3,1
286768,2,1,3
286773,4,2,1
286779,4,4,3
286780,4,2,1
286793,3,4,2
286796,0,2,2
286802,4,4,3
286803,4,2,1
286822,3,4,2
286839,3,4,2
286843,4,4,3
286862,3,3,1
286898,3,2,0
286903,4,2,1
286917,3,2,0
286937,4,2,1
286950,4,4,3
286952,4,4,3
286962,4,2,1
286968,3,4,2
286994,3,4,2
287001,4,4,3
287010,4,4,3
287038,0,4,4
287045,3,1,4
287047,4,2,1
287055,4,2,1
287057,4,1,0
287082,3,4,2
287095,4,2,1
287102,4,4,3
287116,0,4,4
287134,4,3,2
287137,0,2,2
287141,0,2,2
287146,4,4,3
287156,4,2,1
287157,3,4,2
287161,4,3,2
287167,3,3,1
287172,4,2,1
287185,4,2,1
287201,1,3,4
287206,4,2,1
287214,4,2,1
287234,2,4,1
287245,0,2,2
287255,3,3,1
287260,1,2,3
287268,4,4,3
287269,4,2,1
287272,4,2,1
287273,4,2,1
287288,3,1,4
287295,0,4,4
287328,3,2,0
287333,3,3,1
287348,4,4,3
287375,0,4,4
287390,4,2,1
287392,4,2,1
287423,4,2,1
287451,1,4,0
287452,3,2,0
287472,4,2,1
287478,4,2,1
287500,4,2,1
287527,4,2,1
287530,4,2,1
287544,4,4,3
287547,4,2,1
287574,4,4,3
287631,4,1,0
287632,4,3,2
287636,4,3,2
287665,0,2,2
287695,4,3,2
287700,4,2,1
287706,4,2,1
287726,4,2,1
287746,4,4,3
287762,3,4,2
287769,4,3,2
287772,4,4,3
287783,0,3,3
287784,4,4,3
287805,4,3,2
287817,4,2,1
287823,4,2,1
287826,4,2,1
287846,4,3,2
287878,0,2,2
287892,4,2,1
287924,4,4,3
287926,0,2,2
287932,4,2,1
287945,4,2,1
287947,0,2,2
287954,4,3,2
287956,3,3,1
287958,1,2,3
287960,4,4,3
287966,2,4,1
287973,4,2,1
287980,0,2,2
287982,4,2,1
288006,4,4,3
288044,4,2,1
288061,0,2,2
288073,2,4,1
288074,2,4,1
288088,0,2,2
288100,4,4,3
288112,4,2,1
288132,4,2,1
288139,4,2,1
288140,4,4,3
288141,4,4,3
288148,0,2,2
288154,4,2,1
288175,2,4,1
288181,4,4,3
288186,2,4,1
288193,3,3,1
288220,0,2,2
288233,3,2,0
288248,2,4,1
288260,3,3,1
288294,4,2,1
288296,4,2,1
288302,4,2,1
288305,0,2,2
288319,3,2,0
288349,1,2,3
288352,0,2,2
288366,4,2,1
288367,3,4,2
288376,4,0,4
288385,4,2,1
288390,0,0,0
288441,4,3,2
288444,2,4,1
288477,3,3,1
288483,4,3,2
288486,3,1,4
288488,4,4,3
288510,1,4,0
288523,4,4,3
288529,3,4,2
288531,3,1,4
288592,2,4,1
288594,0,1,1
288621,3,2,0
288625,4,4,3
288631,4,4,3
288638,4,4,3
288641,4,2,1
288642,3,4,2
288650,2,2,4
288665,1,2,3
288670,4,1,0
288671,4,1,0
288674,0,2,2
288676,3,4,2
288703,1,4,0
288729,4,2,1
288746,0,2,2
288794,3,4,2
288798,4,4,3
288807,4,1,0
288811,3,2,0
288838,4,2,1
288855,4,3,2
288859,4,2,1
288875,3,2,0
288884,3,3,1
288896,1,4,0
288898,4,4,3
288908,0,2,2
288910,0,2,2
288913,4,4,3
288917,2,4,1
288941,4,2,1
288942,4,3,2
288962,3,4,2
288992,0,2,2
288996,0,2,2
288997,2,4,1
289006,4,2,1
289019,2,1,3
289040,4,4,3
289047,2,4,1
289059,4,3,2
289086,2,4,1
289088,2,2,4
289098,2,1,3
289113,0,2,2
289126,1,2,3
289127,0,2,2
289149,0,4,4
289154,0,2,2
289168,4,2,1
289180,4,1,0
289190,3,3,1
289203,2,3,0
289214,0,4,4
289215,3,3,1
289247,0,4,4
289256,1,4,0
289258,4,2,1
289260,0,2,2
289263,3,2,0
289275,3,2,0
289278,4,4,3
289284,3,2,0
289293,1,2,3
289307,4,2,1
289312,2,4,1
289313,0,2,2
289316,4,4,3
289327,0,4,4
289338,4,4,3
289350,2,2,4
289355,0,4,4
289356,1,2,3
289364,4,2,1
289365,4,2,1
289374,3,2,0
289380,4,4,3
289393,4,4,3
289404,4,2,1
289409,4,4,3
289413,3,3,1
289421,4,4,3
289424,2,2,4
289426,2,2,4
289470,3,2,0
289497,4,2,1
289501,4,3,2
289506,4,3,2
289582,3,0,3
289587,3,1,4
289590,0,2,2
289609,4,1,0
289611,0,4,4
289613,3,3,1
289614,3,4,2
289621,0,1,1
289663,3,4,2
289668,4,2,1
289709,0,3,3
289717,0,2,2
289733,3,4,2
289745,4,1,0
289749,2,2,4
289777,2,4,1
289780,0,4,4
289796,3,1,4
289808,4,4,3
289821,4,2,1
289836,4,3,2
289841,0,2,2
289849,0,2,2
289855,4,4,3
289857,0,4,4
289864,4,4,3
289865,2,2,4
289894,1,4,0
289904,1,2,3
289912,1,2,3
289925,3,3,1
289934,2,1,3
289937,4,1,0
289955,2,4,1
289973,3,4,2
289978,3,3,1
289988,4,2,1
290001,4,4,3
290009,2,4,1
290013,4,4,3
290070,2,2,4
290072,3,2,0
290112,3,2,0
290130,0,2,2
290132,2,2,4
290167,0,1,1
290207,3,1,4
290231,2,4,1
290245,0,2,2
290282,2,4,1
290306,3,3,1
290308,2,1,3
290317,3,2,0
290328,4,2,1
290336,0,4,4
290355,2,2,4
290365,4,2,1
290369,0,4,4
290372,4,2,1
290375,1,4,0
290388,0,1,1
290392,3,2,0
290418,2,2,4
290422,1,4,0
290424,0,4,4
290432,0,4,4
290436,4,1,0
290441,3,4,2
290442,4,2,1
290446,0,4,4
290459,4,4,3
290463,4,2,1
290480,1,2,3
290515,2,2,4
290516,4,3,2
290517,3,4,2
290518,4,4,3
290520,0,4,4
290524,4,4,3
290548,3,4,2
290574,4,0,4
290580,0,2,2
290590,2,1,3
290594,4,2,1
290655,4,4,3
290676,3,2,0
290682,2,2,4
290707,1,4,0
290731,4,4,3
290760,4,3,2
290768,0,4,4
290779,4,1,0
290788,1,2,3
290798,4,2,1
290809,4,1,0
290815,0,4,4
290821,3,4,2
290838,4,4,3
290839,4,3,2
290850,0,2,2
290851,0,4,4
290859,0,3,3
290870,4,2,1
290887,4,1,0
290918,4,2,1
290925,1,3,4
290928,0,2,2
290963,0,4,4
290996,1,4,0
290997,3,4,2
291012,0,4,4
291015,0,2,2
291025,0,4,4
291027,0,3,3
291030,2,4,1
291034,3,2,0
291049,3,2,0
291054,1,2,3
291059,0,2,2
291060,0,4,4
291073,4,1,0
291081,3,3,1
291082,2,2,4
291088,4,4,3
291119,0,3,3
291137,3,2,0
291143,4,2,1
291146,4,4,3
291156,3,2,0
291157,1,3,4
291159,4,1,0
291161,0,2,2
291162,0,2,2
291176,2,4,1
291177,3,2,0
291178,2,4,1
291191,3,3,1
291192,3,3,1
291201,0,2,2
291235,4,2,1
291255,0,2,2
291266,0,2,2
291278,0,2,2
291284,0,2,2
291291,2,1,3
291292,3,4,2
291339,1,2,3
291343,3,1,4
291351,1,2,3
291365,4,2,1
291366,3,1,4
291371,0,2,2
291385,0,4,4
291401,4,3,2
291410,0,2,2
291413,0,2,2
291415,1,2,3
291424,0,4,4
291432,0,2,2
291484,4,2,1
291486,4,2,1
291516,3,1,4
291519,4,2,1
291548,2,4,1
291552,4,3,2
291574,1,2,3
291576,4,2,1
291583,0,1,1
291593,4,4,3
291595,4,2,1
291601,0,3,3
291610,4,3,2
291612,0,2,2
291622,3,3,1
291632,4,2,1
291658,1,2,3
291661,3,3,1
291664,4,2,1
291668,4,2,1
291673,3,4,2
291687,2,4,1
291724,4,3,2
291751,3,4,2
291760,4,0,4
291789,2,4,1
291792,0,4,4
291805,4,4,3
291806,3,4,2
291812,1,2,3
291834,3,3,1
291839,4,4,3
291850,2,2,4
291856,3,2,0
291864,3,4,2
291883,0,4,4
291891,4,4,3
291893,0,4,4
291898,3,2,0
291900,4,3,2
291901,4,4,3
291903,4,2,1
291907,4,4,3
291911,0,4,4
291922,4,2,1
291934,2,2,4
291938,4,4,3
291953,0,2,2
291954,2,4,1
291956,4,1,0
291959,4,2,1
291979,2,4,1
291984,0,4,4
291989,3,2,0
291996,2,2,4
291998,3,4,2
292003,2,4,1
292005,0,4,4
292014,3,2,0
292033,2,4,1
292034,1,2,3
292040,4,4,3
292048,4,4,3
292057,1,2,3
292069,2,1,3
292070,0,1,1
292071,0,4,4
292084,4,2,1
292091,0,2,2
292092,0,2,2
292095,2,4,1
292098,2,2,4
292120,2,4,1
292124,4,4,3
292126,3,4,2
292147,4,4,3
292149,2,1,3
292150,0,2,2
292155,3,4,2
292164,4,4,3
292166,4,3,2
292170,1,4,0
292171,4,2,1
292174,2,2,4
292187,3,4,2
292198,4,2,1
292222,1,2,3
292237,3,2,0
292239,4,3,2
292256,2,4,1
292264,1,2,3
292271,2,4,1
292274,4,2,1
292282,2,2,4
292292,1,2,3
292300,4,4,3
292326,3,2,0
292338,4,4,3
292349,3,4,2
292360,4,4,3
292374,3,2,0
292375,4,4,3
292380,1,4,0
292387,1,2,3
292400,0,4,4
292411,1,2,3
292438,4,2,1
292449,4,4,3
292452,1,4,0
292464,0,2,2
292465,0,4,4
292468,0,2,2
292507,3,2,0
292525,4,4,3
292531,4,0,4
292550,3,4,2
292577,3,3,1
292588,3,3,1
292599,0,4,4
292610,0,4,4
292630,2,4,1
292647,2,2,4
292649,4,4,3
292700,0,4,4
292705,3,3,1
292725,4,4,3
292731,2,4,1
292735,2,1,3
292736,0,4,4
292746,3,4,2
292749,4,2,1
292774,4,4,3
292776,2,4,1
292790,1,3,4
292806,0,2,2
292821,4,2,1
292823,2,2,4
292833,1,3,4
292837,2,4,1
292839,2,4,1
292884,2,4,1
292885,4,2,1
292890,3,3,1
292913,4,4,3
292936,3,4,2
292962,4,4,3
292976,1,2,3
292982,3,3,1
292992,2,4,1
293013,3,2,0
293015,4,3,2
293024,0,2,2
293032,0,3,3
293034,2,4,1
293041,0,4,4
293050,2,2,4
293056,2,4,1
293065,2,4,1
293067,4,2,1
293087,2,2,4
293088,4,2,1
293117,3,2,0
293128,4,4,3
293140,1,4,0
293143,0,2,2
293151,0,1,1
293156,3,1,4
293173,3,2,0
293194,2,2,4
293246,4,3,2
293249,0,4,4
293268,3,1,4
293270,0,4,4
293277,4,4,3
293283,2,4,1
293289,4,4,3
293291,2,4,1
293297,4,1,0
293308,2,2,4
293329,4,2,1
293347,2,2,4
293348,1,2,3
293356,0,2,2
293360,2,4,1
293383,0,2,2
293392,3,3,1
293401,2,1,3
293402,4,2,1
293420,2,2,4
293422,2,1,3
293426,2,2,4
293435,4,2,1
293440,0,1,1
293456,4,1,0
293459,4,2,1
293464,4,3,2
293472,2,4,1
293488,1,4,0
293490,4,4,3
293493,4,4,3
293508,0,1,1
293596,0,4,4
293600,3,2,0
293607,4,2,1
293611,4,3,2
293624,1,2,3
293635,4,4,3
293650,3,2,0
293653,1,4,0
293654,0,2,2
293658,3,4,2
293668,2,4,1
293684,3,2,0
293685,4,4,3
293688,3,3,1
293696,2,1,3
293719,0,2,2
293737,4,4,3
293747,1,2,3
293749,3,3,1
293751,4,4,3
293752,4,4,3
293756,4,0,4
293763,0,2,2
293775,0,2,2
293784,3,2,0
293806,4,4,3
293815,2,4,1
293822,4,0,4
293834,4,2,1
293860,3,2,0
293867,4,4,3
293873,4,4,3
293876,4,2,1
293887,4,0,4
293931,3,2,0
293971,3,4,2
293972,4,2,1
293976,4,1,0
293978,2,4,1
293986,3,2,0
294006,1,3,4
294027,1,4,0
294033,4,2,1
294042,3,3,1
294053,4,2,1
294054,3,2,0
294056,3,1,4
294098,0,2,2
294104,1,3,4
294106,3,2,0
294110,2,2,4
294114,0,4,4
294127,3,2,0
294133,0,1,1
294136,0,4,4
294137,0,2,2
294141,2,4,1
294149,1,2,3
294165,0,2,2
294192,2,2,4
294203,4,2,1
294221,4,4,3
294225,4,3,2
294243,3,4,2
294247,2,4,1
294251,3,2,0
294252,3,4,2
294271,4,2,1
294305,2,2,4
294309,3,3,1
294318,4,4,3
294319,0,2,2
294321,3,1,4
294360,0,2,2
294362,1,4,0
294373,0,4,4
294382,3,4,2
294390,3,2,0
294436,0,4,4
294444,4,2,1
294463,1,3,4
294466,1,4,0
294471,2,2,4
294482,3,4,2
294483,4,2,1
294490,4,4,3
294494,3,4,2
294511,0,4,4
294518,2,4,1
294519,0,2,2
294524,0,2,2
294525,1,2,3
294534,4,2,1
294535,0,2,2
294551,2,1,3
294587,4,4,3
294590,2,4,1
294600,4,4,3
294613,0,2,2
294631,0,2,2
294633,0,1,1
294642,0,2,2
294652,2,4,1
294665,4,4,3
294668,1,4,0
294693,3,3,1
294697,4,4,3
294700,4,4,3
294707,1,2,3
294716,2,2,4
294732,0,2,2
294733,4,1,0
294746,4,2,1
294763,0,2,2
294770,0,2,2
294773,0,1,1
294775,2,2,4
294776,4,1,0
294807,2,4,1
294816,4,2,1
294823,4,4,3
294828,4,2,1
294833,4,4,3
294839,0,4,4
294872,2,2,4
294897,2,4,1
294898,2,4,1
294903,4,4,3
294910,4,4,3
294917,4,2,1
294924,4,1,0
294925,3,1,4
294945,1,2,3
294951,4,2,1
294959,3,3,1
294968,4,4,3
294970,2,4,1
294979,4,4,3
294989,1,2,3
295007,0,4,4
295024,4,3,2
295037,4,0,4
295046,2,1,3
295049,0,2,2
295056,1,2,3
295059,1,2,3
295073,4,4,3
295113,3,2,0
295116,4,2,1
295118,2,2,4
295131,4,2,1
295132,3,4,2
295133,3,4,2
295137,4,2,1
295141,3,2,0
295170,2,4,1
295194,4,2,1
295224,4,3,2
295225,3,4,2
295226,4,3,2
295253,4,1,0
295264,4,2,1
295276,2,4,1
295288,4,1,0
295304,1,2,3
295325,1,2,3
295327,0,2,2
295330,2,4,1
295333,2,3,0
295344,4,4,3
295345,4,2,1
295348,1,2,3
295361,3,2,0
295369,0,2,2
295391,4,4,3
295416,4,3,2
295421,4,1,0
295438,4,4,3
295455,4,2,1
295458,4,4,3
295481,3,4,2
295484,4,4,3
295496,4,3,2
295516,2,4,1
295547,3,2,0
295554,3,4,2
295563,4,4,3
295565,3,2,0
295569,2,4,1
295574,1,2,3
295577,4,2,1
295583,2,1,3
295592,4,2,1
295622,3,3,1
295635,0,2,2
295655,4,1,0
295666,2,2,4
295674,2,2,4
295689,1,2,3
295696,0,2,2
295700,0,2,2
295701,0,4,4
295706,4,4,3
295712,4,1,0
295713,4,1,0
295714,3,2,0
295739,3,4,2
295744,4,2,1
295824,3,4,2
295855,4,4,3
295866,4,4,3
295867,3,2,0
295877,3,4,2
295904,2,2,4
295948,0,2,2
295953,3,2,0
295959,1,4,0
295961,3,4,2
295969,3,4,2
295992,0,2,2
296012,4,3,2
296013,4,1,0
296015,0,2,2
296055,0,2,2
296106,0,4,4
296109,3,4,2
296116,3,3,1
296121,4,1,0
296126,4,4,3
296128,4,2,1
296130,2,4,1
296167,4,3,2
296172,0,2,2
296183,0,2,2
296206,4,2,1
296212,2,2,4
296259,3,4,2
296280,1,2,3
296307,0,3,3
296310,0,2,2
296312,0,1,1
296319,1,2,3
296320,1,2,3
296334,0,3,3
296348,1,2,3
296354,4,4,3
296386,1,2,3
296392,3,3,1
296397,2,1,3
296431,0,2,2
296449,1,2,3
296453,4,4,3
296460,0,2,2
296499,0,4,4
296502,4,4,3
296525,4,4,3
296532,0,2,2
296550,0,2,2
296563,4,3,2
296568,4,4,3
296571,4,4,3
296573,4,2,1
296577,1,4,0
296598,4,2,1
296599,4,2,1
296602,4,4,3
296604,4,4,3
296624,4,4,3
296671,3,3,1
296676,2,4,1
296690,4,2,1
296698,4,2,1
296719,3,4,2
296722,4,1,0
296747,3,4,2
296752,3,3,1
296761,4,4,3
296779,4,4,3
296819,0,2,2
296821,0,2,2
296826,0,1,1
296835,3,4,2
296845,2,4,1
296846,2,2,4
296863,2,1,3
296869,1,2,3
296891,1,2,3
296906,0,1,1
296927,4,2,1
296944,1,2,3
296964,4,1,0
296989,2,2,4
296991,0,2,2
296993,3,2,0
296996,2,4,1
297059,4,4,3
297078,1,4,0
297079,4,2,1
297134,4,2,1
297139,4,1,0
297142,2,4,1
297156,2,1,3
297164,3,3,1
297192,0,4,4
297195,4,1,0
297200,2,2,4
297221,3,3,1
297222,3,2,0
297224,0,2,2
297244,3,2,0
297259,0,1,1
297264,4,2,1
297274,0,2,2
297317,3,2,0
297336,0,2,2
297342,0,4,4
297343,1,2,3
297344,3,2,0
297353,0,1,1
297371,4,2,1
297394,1,2,3
297403,4,3,2
297404,3,2,0
297435,4,0,4
297438,3,3,1
297439,4,2,1
297441,4,4,3
297455,4,2,1
297464,4,4,3
297485,3,4,2
297488,0,4,4
297491,1,2,3
297492,4,3,2
297496,4,2,1
297514,3,4,2
297539,2,4,1
297546,0,2,2
297550,3,3,1
297552,2,4,1
297559,1,3,4
297569,3,1,4
297574,2,4,1
297584,0,1,1
297606,4,4,3
297625,1,2,3
297632,3,2,0
297637,3,1,4
297668,0,4,4
297672,4,2,1
297675,4,2,1
297698,3,4,2
297699,1,3,4
297705,3,4,2
297714,4,4,3
297718,1,4,0
297723,0,1,1
297743,1,4,0
297764,0,2,2
297787,3,2,0
297819,2,4,1
297823,0,4,4
297835,0,1,1
297841,3,2,0
297846,1,2,3
297856,3,2,0
297863,3,4,2
297865,3,2,0
297867,3,2,0
297873,4,3,2
297875,4,4,3
297890,2,4,1
297917,2,4,1
297934,3,1,4
297936,3,1,4
297942,0,4,4
297946,4,2,1
297977,4,3,2
298006,4,4,3
298032,4,4,3
298034,3,4,2
298036,3,4,2
298052,4,2,1
298055,2,2,4
298091,2,4,1
298105,4,3,2
298109,3,2,0
298116,2,1,3
298122,4,2,1
298123,4,2,1
298166,2,4,1
298178,2,4,1
298186,0,4,4
298191,2,4,1
298195,3,2,0
298202,4,4,3
298218,2,1,3
298227,2,4,1
298231,4,1,0
298232,0,2,2
298233,0,3,3
298238,0,4,4
298257,2,4,1
298265,4,4,3
298268,4,2,1
298278,4,0,4
298334,4,2,1
298408,4,4,3
298423,1,2,3
298444,4,4,3
298447,0,4,4
298449,1,2,3
298472,2,4,1
298476,3,1,4
298490,0,2,2
298492,2,2,4
298497,4,4,3
298502,3,4,2
298503,0,2,2
298510,0,4,4
298539,1,2,3
298540,2,1,3
298550,4,2,1
298567,1,2,3
298582,3,3,1
298591,0,2,2
298620,3,2,0
298633,1,2,3
298639,3,4,2
298643,4,4,3
298668,2,1,3
298706,3,4,2
298769,0,2,2
298783,2,2,4
298788,2,2,4
298799,4,3,2
298819,2,4,1
298834,3,3,1
298838,4,2,1
298839,0,2,2
298872,0,4,4
298883,4,2,1
298884,4,3,2
298905,3,2,0
298933,2,4,1
298934,3,4,2
298937,2,1,3
298939,3,4,2
298945,0,2,2
298947,2,2,4
298954,4,4,3
298961,4,1,0
298967,4,2,1
298970,0,4,4
298972,0,4,4
298973,0,4,4
299008,0,2,2
299030,4,4,3
299040,1,2,3
299044,4,2,1
299063,4,2,1
299068,4,4,3
299084,3,4,2
299094,2,4,1
299100,4,4,3
299108,0,2,2
299110,4,2,1
299111,4,3,2
299118,4,4,3
299124,4,2,1
299133,4,2,1
299138,4,2,1
299178,4,2,1
299187,4,4,3
299194,3,3,1
299196,4,4,3
299204,4,4,3
299207,4,4,3
299218,4,4,3
299240,2,4,1
299241,4,2,1
299248,4,2,1
299258,4,0,4
299272,4,0,4
299284,3,4,2
299289,4,2,1
299305,3,4,2
299327,4,1,0
299336,4,1,0
299337,4,2,1
299351,4,4,3
299352,4,4,3
299365,0,1,1
299395,3,1,4
299413,0,2,2
299414,4,2,1
299426,4,3,2
299448,4,2,1
299485,1,2,3
299498,4,3,2
299504,3,4,2
299531,4,2,1
299549,4,2,1
299557,3,2,0
299560,2,4,1
299561,3,0,3
299563,4,2,1
299566,2,4,1
299573,4,4,3
299594,0,4,4
299596,4,3,2
299637,3,3,1
299641,4,2,1
299664,0,2,2
299705,4,2,1
299715,3,4,2
299737,2,1,3
299744,4,4,3
299746,4,4,3
299750,4,2,1
299761,3,2,0
299771,4,2,1
299790,1,4,0
299803,4,2,1
299820,4,2,1
299833,1,2,3
299838,0,2,2
299841,0,2,2
299846,4,3,2
299854,3,3,1
299855,1,2,3
299888,1,2,3
299910,4,4,3
299945,3,2,0
299971,2,4,1
299980,0,2,2
299996,4,2,1
300004,4,3,2
300012,4,4,3
300020,2,4,1
300023,1,4,0
300025,4,2,1
300046,2,4,1
300049,0,2,2
300052,0,2,2
300059,2,1,3
300065,2,2,4
300066,2,4,1
300080,3,1,4
300098,2,2,4
300105,0,1,1
300111,1,2,3
300134,2,4,1
300141,4,2,1
300158,4,2,1
300172,0,1,1
300189,4,4,3
300190,4,1,0
300191,4,1,0
300197,3,4,2
300203,0,4,4
300225,0,1,1
300229,3,2,0
300238,2,4,1
300246,0,2,2
300263,4,4,3
300270,0,1,1
300281,2,4,1
300285,4,4,3
300292,4,4,3
300305,3,2,0
300307,3,4,2
300317,3,2,0
300325,4,2,1
300333,4,2,1
300338,0,4,4
300340,1,4,0
300354,3,2,0
300372,0,4,4
300381,4,1,0
300394,3,3,1
300401,1,4,0
300413,3,2,0
300416,2,2,4
300436,0,2,2
300439,4,1,0
300467,3,1,4
300474,1,4,0
300475,4,2,1
300479,0,4,4
300480,3,2,0
300483,0,2,2
300492,3,3,1
300504,4,2,1
300508,0,4,4
300509,3,2,0
300513,2,4,1
300521,4,4,3
300525,1,2,3
300537,2,2,4
300541,3,2,0
300545,0,4,4
300552,0,4,4
300556,4,2,1
300563,2,4,1
300581,3,4,2
300606,0,3,3
300639,2,2,4
300648,0,2,2
300655,4,2,1
300663,0,4,4
300674,4,3,2
300702,4,2,1
300713,4,4,3
300730,0,2,2
300741,3,4,2
300744,3,4,2
300753,1,4,0
300779,0,2,2
300789,0,1,1
300793,4,4,3
300795,0,2,2
300802,3,2,0
300807,4,3,2
300824,0,4,4
300836,4,2,1
300856,3,2,0
300870,3,4,2
300872,4,4,3
300876,4,3,2
300893,0,4,4
300902,4,2,1
300905,2,4,1
300912,0,4,4
300922,0,4,4
300923,2,2,4
300930,1,4,0
300932,0,4,4
300939,2,2,4
300945,1,4,0
300960,4,2,1
300969,4,3,2
300984,4,4,3
300992,3,4,2
301023,1,2,3
301028,4,2,1
301047,2,2,4
301065,1,4,0
301073,0,1,1
301094,2,4,1
301103,0,1,1
301126,4,2,1
301145,2,4,1
301150,0,1,1
301156,3,0,3
301179,1,2,3
301211,0,2,2
301212,4,1,0
301238,0,1,1
301246,0,2,2
301249,4,2,1
301257,2,4,1
301309,2,4,1
301311,0,4,4
301338,0,4,4
301345,0,4,4
301365,1,2,3
301392,0,4,4
301398,1,2,3
301418,2,4,1
301422,4,4,3
301426,3,2,0
301440,3,1,4
301449,4,2,1
301480,4,1,0
301491,0,2,2
301492,4,2,1
301495,2,2,4
301497,4,4,3
301498,0,4,4
301513,0,4,4
301526,4,2,1
301548,4,2,1
301617,3,2,0
301619,0,2,2
301644,4,4,3
301674,0,2,2
301675,2,1,3
301682,3,1,4
301690,4,3,2
301693,4,4,3
301723,3,2,0
301738,0,4,4
301742,4,3,2
301760,0,4,4
301763,4,4,3
301778,2,4,1
301787,2,1,3
301804,2,4,1
301821,4,4,3
301827,3,4,2
301842,2,1,3
301843,4,2,1
301879,3,2,0
301885,1,2,3
301894,3,2,0
301899,3,4,2
301920,0,4,4
301930,3,3,1
301950,4,2,1
301954,3,3,1
301957,4,2,1
301975,3,1,4
302018,0,2,2
302020,4,3,2
302029,2,4,1
302039,2,4,1
302050,1,2,3
302056,1,2,3
302065,3,3,1
302074,1,2,3
302076,3,3,1
302084,4,4,3
302088,4,4,3
302109,1,4,0
302155,4,4,3
302163,2,1,3
302170,1,2,3
302177,1,2,3
302179,2,1,3
302184,2,4,1
302187,4,4,3
302193,0,2,2
302201,2,4,1
302205,4,2,1
302225,3,2,0
302231,1,3,4
302234,4,4,3
302237,4,4,3
302243,1,4,0
302253,1,4,0
302257,2,2,4
302261,2,4,1
302268,2,2,4
302286,2,2,4
302299,2,2,4
302308,0,2,2
302309,4,1,0
302323,1,4,0
302353,4,4,3
302371,3,2,0
302373,3,3,1
302377,0,4,4
302389,2,4,1
302403,2,4,1
302419,3,3,1
302422,3,2,0
302459,1,4,0
302502,3,4,2
302526,4,2,1
302533,0,2,2
302564,4,1,0
302589,4,4,3
302594,4,4,3
302604,1,2,3
302622,0,2,2
302652,0,1,1
302657,4,2,1
302663,0,1,1
302674,4,4,3
302687,4,4,3
302695,4,3,2
302700,4,3,2
302724,0,2,2
302727,4,2,1
302736,0,2,2
302741,1,3,4
302769,4,3,2
302772,0,3,3
302794,3,1,4
302823,4,1,0
302875,3,2,0
302884,4,0,4
302902,4,2,1
302903,0,2,2
302904,0,2,2
302922,4,2,1
302949,0,4,4
302959,2,0,2
302990,2,1,3
303027,2,4,1
303028,3,3,1
303040,0,4,4
303049,4,4,3
303050,4,4,3
303075,3,2,0
303078,2,4,1
303082,3,1,4
303090,2,2,4
303095,3,2,0
303101,4,2,1
303139,0,2,2
303168,0,3,3
303193,0,1,1
303211,3,0,3
303223,2,2,4
303239,0,4,4
303243,2,1,3
303281,4,0,4
303288,2,2,4
303295,3,1,4
303314,0,2,2
303342,4,2,1
303347,4,2,1
303350,3,4,2
303364,4,2,1
303370,4,2,1
303406,2,1,3
303423,3,2,0
303428,0,4,4
303429,4,4,3
303431,2,4,1
303442,2,4,1
303453,1,2,3
303457,3,3,1
303469,4,0,4
303473,0,4,4
303484,4,4,3
303528,0,2,2
303551,0,2,2
303567,3,3,1
303570,0,2,2
303575,4,4,3
303609,0,1,1
303618,0,2,2
303625,1,2,3
303631,0,1,1
303632,1,3,4
303634,4,1,0
303645,0,4,4
303650,2,4,1
303656,0,1,1
303662,4,1,0
303670,0,4,4
303697,2,2,4
303700,4,1,0
303706,0,2,2
303717,1,4,0
303728,4,2,1
303733,2,1,3
303769,4,4,3
303783,4,4,3
303862,2,1,3
303890,4,0,4
303894,0,4,4
303897,3,2,0
303914,4,4,3
303933,0,1,1
303940,4,4,3
303949,2,1,3
303982,4,2,1
303988,0,2,2
303990,4,4,3
303992,1,2,3
303994,0,4,4
303995,3,4,2
304002,3,4,2
304022,4,3,2
304028,2,4,1
304033,0,2,2
304043,0,4,4
304056,4,4,3
304073,2,4,1
304078,2,2,4
304092,4,3,2
304130,4,1,0
304146,2,4,1
304182,4,4,3
304187,0,2,2
304213,2,4,1
304216,3,1,4
304222,2,4,1
304254,2,4,1
304256,0,1,1
304260,2,1,3
304270,0,4,4
304271,0,4,4
304306,4,2,1
304314,4,3,2
304315,4,4,3
304328,3,4,2
304368,4,2,1
304395,2,4,1
304403,4,2,1
304418,4,2,1
304435,4,2,1
304439,0,1,1
304443,0,2,2
304449,0,2,2
304453,1,2,3
304456,0,2,2
304478,0,4,4
304482,2,2,4
304499,4,1,0
304525,4,4,3
304561,0,1,1
304562,2,2,4
304582,3,2,0
304584,3,3,1
304595,3,2,0
304623,3,2,0
304641,4,3,2
304650,0,4,4
304680,2,4,1
304682,4,3,2
304702,3,4,2
304776,4,4,3
304785,2,2,4
304789,1,2,3
304815,0,2,2
304843,4,1,0
304913,0,1,1
304919,3,2,0
304940,3,4,2
304946,0,3,3
304947,2,4,1
304966,3,2,0
304970,0,4,4
304971,4,2,1
304982,2,2,4
304998,2,4,1
305008,4,1,0
305009,0,4,4
305044,4,4,3
305048,4,2,1
305055,3,4,2
305063,0,1,1
305081,4,2,1
305098,2,1,3
305102,1,4,0
305103,0,4,4
305106,0,2,2
305136,4,2,1
305138,2,2,4
305161,0,4,4
305183,0,1,1
305221,4,4,3
305231,2,1,3
305260,0,4,4
305264,4,1,0
305295,0,4,4
305301,3,4,2
305303,3,3,1
305309,4,4,3
305318,3,1,4
305323,4,2,1
305330,3,4,2
305338,3,3,1
305356,2,4,1
305368,3,3,1
305372,4,2,1
305374,0,2,2
305397,2,2,4
305401,4,4,3
305402,2,4,1
305405,4,1,0
305418,3,2,0
305431,4,4,3
305432,4,3,2
305437,0,2,2
305472,2,2,4
305477,0,2,2
305490,0,4,4
305525,4,2,1
305529,4,4,3
305553,4,1,0
305572,4,1,0
305573,4,2,1
305576,4,2,1
305577,0,1,1
305582,3,4,2
305603,4,2,1
305604,0,2,2
305608,3,2,0
305613,3,4,2
305619,1,4,0
305624,2,4,1
305625,2,4,1
305626,2,2,4
305629,0,2,2
305638,4,1,0
305667,0,4,4
305679,0,2,2
305714,2,2,4
305741,0,2,2
305750,3,1,4
305753,0,4,4
305756,4,2,1
305770,1,2,3
305789,0,1,1
305798,1,4,0
305808,3,4,2
305817,2,4,1
305832,0,2,2
305849,3,4,2
305851,3,1,4
305877,4,4,3
305911,4,4,3
305927,4,4,3
305939,3,0,3
305947,2,2,4
305970,0,4,4
305974,1,2,3
305981,0,4,4
306000,2,2,4
306010,4,3,2
306034,2,4,1
306035,4,2,1
306051,4,4,3
306095,1,2,3
306103,3,2,0
306161,4,2,1
306181,4,2,1
306201,4,4,3
306205,4,4,3
306222,4,4,3
306236,0,2,2
306239,0,3,3
306251,4,2,1
306253,4,2,1
306269,3,2,0
306270,4,2,1
306272,2,1,3
306316,2,2,4
306317,2,2,4
306322,4,3,2
306326,3,1,4
306335,4,0,4
306355,3,4,2
306359,0,2,2
306367,2,1,3
306373,2,4,1
306384,4,2,1
306386,4,2,1
306387,0,4,4
306388,4,2,1
306413,4,0,4
306447,2,4,1
306449,0,4,4
306453,4,2,1
306488,4,1,0
306506,3,2,0
306519,0,4,4
306530,4,3,2
306560,0,2,2
306575,3,3,1
306596,4,3,2
306616,4,2,1
306639,0,4,4
306655,3,4,2
306658,4,1,0
306674,4,2,1
306689,0,4,4
306708,1,2,3
306716,3,4,2
306750,2,4,1
306751,4,4,3
306754,4,2,1
306760,0,4,4
306777,4,2,1
306788,4,2,1
306796,4,1,0
306798,4,2,1
306799,0,2,2
306825,0,2,2
306826,0,2,2
306863,0,4,4
306864,4,4,3
306865,4,3,2
306913,0,2,2
306949,1,3,4
306975,4,2,1
306977,3,2,0
306982,0,2,2
306991,4,4,3
307022,0,2,2
307025,3,2,0
307034,4,4,3
307039,2,4,1
307049,0,1,1
307075,4,3,2
307111,3,4,2
307114,4,2,1
307123,0,4,4
307175,4,4,3
307180,4,1,0
307220,2,4,1
307262,4,4,3
307270,1,2,3
307273,3,2,0
307280,2,3,0
307324,4,2,1
307331,4,2,1
307346,4,2,1
307382,2,1,3
307390,2,4,1
307397,2,4,1
307426,0,2,2
307427,4,0,4
307428,3,4,2
307431,0,1,1
307454,0,2,2
307464,0,3,3
307465,4,2,1
307498,3,3,1
307519,4,4,3
307525,2,4,1
307528,3,2,0
307535,0,1,1
307555,3,4,2
307579,4,2,1
307589,2,4,1
307598,4,2,1
307604,3,4,2
307625,2,4,1
307626,0,4,4
307630,1,2,3
307632,4,4,3
307633,2,1,3
307641,2,4,1
307654,2,4,1
307660,0,2,2
307663,1,2,3
307669,2,4,1
307673,2,4,1
307681,3,2,0
307696,4,4,3
307709,0,4,4
307747,1,4,0
307761,2,4,1
307773,3,4,2
307796,0,3,3
307825,4,2,1
307856,0,4,4
307857,0,4,4
307863,2,4,1
307865,3,1,4
307887,2,4,1
307892,1,2,3
307893,1,3,4
307932,0,4,4
307935,1,4,0
307947,0,4,4
307969,0,2,2
307971,0,4,4
307973,4,2,1
307996,0,4,4
308001,3,4,2
308004,4,4,3
308020,1,4,0
308035,0,4,4
308048,0,4,4
308053,0,1,1
308058,3,2,0
308070,0,4,4
308088,0,4,4
308092,2,4,1
308094,2,2,4
308110,4,2,1
308111,4,4,3
308127,4,2,1
308143,0,1,1
308148,2,2,4
308170,2,4,1
308173,2,4,1
308178,1,4,0
308197,2,2,4
308201,0,4,4
308220,4,4,3
308242,4,4,3
308244,0,2,2
308246,3,2,0
308255,4,2,1
308258,2,2,4
308279,4,2,1
308286,3,2,0
308322,0,4,4
308344,3,4,2
308360,1,2,3
308396,3,3,1
308401,2,2,4
308406,2,4,1
308408,4,2,1
308421,4,2,1
308432,3,4,2
308443,0,2,2
308467,2,4,1
308469,4,2,1
308477,2,4,1
308482,4,1,0
308486,0,2,2
308490,0,4,4
308494,3,2,0
308501,3,4,2
308536,1,2,3
308584,2,4,1
308589,2,4,1
308595,1,4,0
308597,0,1,1
308609,3,3,1
308622,1,4,0
308633,2,2,4
308638,1,4,0
308663,0,4,4
308664,3,2,0
308728,4,4,3
308739,4,2,1
308776,4,4,3
308783,4,3,2
308796,4,1,0
308813,1,2,3
308825,2,2,4
308826,3,3,1
308844,3,2,0
308845,3,4,2
308865,4,2,1
308866,0,4,4
308893,4,3,2
308919,0,2,2
308934,4,2,1
308950,2,4,1
308983,4,2,1
309008,4,1,0
309029,0,4,4
309057,4,3,2
309069,4,3,2
309099,2,1,3
309138,4,1,0
309151,2,2,4
309173,3,3,1
309189,4,2,1
309196,0,2,2
309204,0,1,1
309223,4,2,1
309254,4,1,0
309264,4,4,3
309265,4,4,3
309268,2,4,1
309279,2,2,4
309287,2,4,1
309290,3,3,1
309319,0,4,4
309333,4,4,3
309336,2,2,4
309338,2,1,3
309363,4,4,3
309375,0,2,2
309392,2,1,3
309411,0,2,2
309415,4,2,1
309417,4,2,1
309479,4,2,1
309482,0,2,2
309489,4,2,1
309491,4,2,1
309495,4,1,0
309511,2,4,1
309571,0,4,4
309580,2,4,1
309596,0,3,3
309613,0,2,2
309663,3,4,2
309666,2,2,4
309668,4,2,1
309675,2,2,4
309692,0,4,4
309700,4,4,3
309713,2,4,1
309737,2,2,4
309742,1,2,3
309743,0,2,2
309784,3,4,2
309787,2,4,1
309812,2,2,4
309836,4,4,3
309844,4,4,3
309847,3,2,0
309871,4,4,3
309915,2,2,4
309926,4,4,3
309927,2,2,4
309954,2,1,3
309963,0,2,2
309969,3,4,2
309984,4,3,2
309999,4,2,1
310037,4,2,1
310042,4,2,1
310056,2,2,4
310064,3,4,2
310072,0,4,4
310081,0,4,4
310086,3,2,0
310132,0,2,2
310152,3,3,1
310155,4,4,3
310160,0,2,2
310173,3,1,4
310174,3,2,0
310182,4,4,3
310193,0,2,2
310235,3,2,0
310237,3,4,2
310240,3,2,0
310242,4,2,1
310245,3,3,1
310254,0,3,3
310255,0,2,2
310268,1,2,3
310317,4,2,1
310319,0,2,2
310325,3,1,4
310326,2,4,1
310358,4,3,2
310367,3,2,0
310379,0,2,2
310382,1,2,3
310388,4,3,2
310389,0,1,1
310419,3,0,3
310427,1,2,3
310432,3,1,4
310439,4,2,1
310442,4,4,3
310446,3,2,0
310450,4,3,2
310452,2,2,4
310470,4,2,1
310481,4,2,1
310483,4,2,1
310484,0,4,4
310489,2,2,4
310503,4,4,3
310506,4,2,1
310507,0,2,2
310511,1,3,4
310524,3,2,0
310525,4,2,1
310546,0,4,4
310578,4,3,2
310581,4,4,3
310593,4,4,3
310594,0,1,1
310604,2,2,4
310607,4,1,0
310612,4,2,1
310618,0,4,4
310620,3,2,0
310629,2,4,1
310643,3,4,2
310645,3,4,2
310649,4,4,3
310654,4,4,3
310659,0,2,2
310687,4,4,3
310688,0,2,2
310705,0,4,4
310725,4,4,3
310741,0,4,4
310746,0,1,1
310749,0,2,2
310774,4,4,3
310791,4,1,0
310849,1,2,3
310878,4,4,3
310884,4,2,1
310890,3,3,1
310905,4,1,0
310920,0,1,1
310923,4,2,1
310941,4,2,1
310969,3,2,0
310975,0,2,2
310981,0,4,4
310982,3,4,2
311001,2,2,4
311005,3,2,0
311007,4,4,3
311013,3,4,2
311014,0,4,4
311048,4,1,0
311075,0,4,4
311131,2,2,4
311147,0,1,1
311150,4,4,3
311154,3,2,0
311158,0,4,4
311164,3,4,2
311168,2,2,4
311171,1,2,3
311182,4,2,1
311191,1,4,0
311236,4,4,3
311248,0,4,4
311281,3,4,2
311299,3,3,1
311325,2,4,1
311328,3,3,1
311392,2,0,2
311406,2,4,1
311411,2,1,3
311415,0,2,2
311426,4,4,3
311438,4,2,1
311441,3,4,2
311503,1,3,4
311505,3,3,1
311550,0,2,2
311557,3,4,2
311568,4,2,1
311593,0,2,2
311631,3,4,2
311633,4,4,3
311667,4,2,1
311694,0,1,1
311696,0,4,4
311709,4,3,2
311711,3,2,0
311718,4,3,2
311725,4,4,3
311759,4,2,1
311760,4,1,0
311790,3,4,2
311805,4,1,0
311821,2,2,4
311828,0,4,4
311830,1,4,0
311864,0,2,2
311869,3,3,1
311881,0,4,4
311887,4,2,1
311918,2,1,3
311940,4,1,0
311942,2,1,3
311952,4,4,3
311976,4,2,1
312011,4,2,1
312018,4,4,3
312061,4,2,1
312074,3,3,1
312118,4,0,4
312143,4,4,3
312150,4,3,2
312157,3,4,2
312166,4,2,1
312177,3,4,2
312178,4,4,3
312197,4,4,3
312232,0,1,1
312233,4,4,3
312244,4,2,1
312247,0,4,4
312251,2,2,4
312261,4,4,3
312269,4,2,1
312274,4,2,1
312285,4,4,3
312299,4,2,1
312300,4,4,3
312364,2,2,4
312375,0,4,4
312383,4,4,3
312401,4,3,2
312414,4,4,3
312416,4,4,3
312443,4,4,3
312462,4,4,3
312465,4,4,3
312486,2,4,1
312494,4,3,2
312495,0,2,2
312511,3,2,0
312550,3,3,1
312554,4,2,1
312570,4,3,2
312646,4,4,3
312655,2,4,1
312668,2,4,1
312701,3,2,0
312706,2,1,3
312734,4,4,3
312767,1,2,3
312786,4,4,3
312790,2,2,4
312823,3,2,0
312830,3,3,1
312831,0,2,2
312854,0,3,3
312856,2,4,1
312859,3,2,0
312864,2,4,1
312903,0,3,3
312917,2,1,3
312932,2,1,3
312944,4,1,0
312951,1,2,3
312976,2,4,1
313030,0,4,4
313042,3,4,2
313064,0,2,2
313113,2,1,3
313132,4,4,3
313134,1,2,3
313154,0,1,1
313169,3,4,2
313190,0,4,4
313192,0,2,2
313197,3,4,2
313202,3,2,0
313224,2,4,1
313229,4,3,2
313234,0,2,2
313235,4,4,3
313238,0,2,2
313241,2,1,3
313248,3,2,0
313253,0,2,2
313262,2,2,4
313273,4,1,0
313277,1,2,3
313318,3,3,1
313319,2,2,4
313322,1,2,3
313328,2,4,1
313348,4,2,1
313349,0,2,2
313373,0,4,4
313375,0,4,4
313384,0,1,1
313385,1,3,4
313416,0,2,2
313440,3,2,0
313448,3,2,0
313461,2,2,4
313480,0,2,2
313529,3,3,1
313533,3,2,0
313535,0,2,2
313562,3,4,2
313578,4,4,3
313589,2,2,4
313590,0,4,4
313617,1,4,0
313647,4,2,1
313675,0,4,4
313680,4,0,4
313683,4,2,1
313685,4,1,0
313690,2,4,1
313696,2,4,1
313723,2,2,4
313732,0,1,1
313737,2,1,3
313751,0,4,4
313767,0,2,2
313772,0,2,2
313777,0,2,2
313788,0,2,2
313794,2,1,3
313810,4,3,2
313815,3,4,2
313821,4,4,3
313826,2,2,4
313831,0,4,4
313838,0,4,4
313874,0,2,2
313887,3,2,0
313905,4,4,3
313941,0,2,2
313955,4,2,1
313998,4,2,1
313999,4,4,3
314000,4,1,0
314013,4,1,0
314025,4,4,3
314098,4,2,1
314110,1,4,0
314114,3,3,1
314117,2,4,1
314127,2,4,1
314178,4,1,0
314180,3,4,2
314188,0,4,4
314193,2,2,4
314233,4,1,0
314239,3,2,0
314275,3,1,4
314284,4,4,3
314297,2,2,4
314303,4,4,3
314357,3,2,0
314376,1,2,3
314382,1,4,0
314393,4,2,1
314398,4,4,3
314399,2,4,1
314404,0,2,2
314408,4,2,1
314425,1,2,3
314439,0,1,1
314453,4,2,1
314455,2,1,3
314470,0,4,4
314481,0,4,4
314493,4,1,0
314497,2,1,3
314518,0,4,4
314544,0,1,1
314566,3,4,2
314582,4,4,3
314593,4,2,1
314604,0,2,2
314636,4,2,1
314677,3,4,2
314681,0,2,2
314692,2,2,4
314711,0,2,2
314716,4,4,3
314725,0,2,2
314732,4,4,3
314760,0,2,2
314761,0,2,2
314766,3,2,0
314815,4,2,1
314819,4,4,3
314827,4,4,3
314835,4,2,1
314836,4,4,3
314843,3,2,0
314851,2,4,1
314878,4,1,0
314881,4,2,1
314901,2,4,1
314918,0,1,1
314935,0,1,1
314956,4,2,1
314964,4,1,0
314975,0,2,2
314978,3,4,2
314990,3,2,0
315007,1,2,3
315030,2,4,1
315081,3,2,0
315104,3,4,2
315109,1,3,4
315204,3,1,4
315225,4,4,3
315245,2,4,1
315247,0,1,1
315258,2,2,4
315259,0,4,4
315269,3,4,2
315279,1,4,0
315283,0,4,4
315338,1,4,0
315349,0,2,2
315376,2,4,1
315379,1,4,0
315383,2,2,4
315385,4,1,0
315393,3,2,0
315440,0,2,2
315458,3,2,0
315461,3,2,0
315492,3,1,4
315591,4,3,2
315601,0,2,2
315604,4,4,3
315630,0,4,4
315664,3,3,1
315673,0,1,1
315701,4,4,3
315710,0,2,2
315715,2,4,1
315720,0,2,2
315736,4,4,3
315739,0,1,1
315752,4,2,1
315767,4,4,3
315781,4,2,1
315783,0,4,4
315793,0,1,1
315811,0,4,4
315830,1,3,4
315853,3,4,2
315870,3,2,0
315888,4,2,1
315929,0,1,1
315933,1,2,3
315968,0,1,1
316009,4,1,0
316013,0,1,1
316035,3,3,1
316036,2,3,0
316066,2,2,4
316078,3,2,0
316108,3,1,4
316110,4,1,0
316139,4,4,3
316188,2,2,4
316189,4,3,2
316190,4,1,0
316199,2,2,4
316202,0,1,1
316208,4,2,1
316223,4,2,1
316237,4,4,3
316244,4,4,3
316363,4,4,3
316389,4,1,0
316401,3,4,2
316407,4,2,1
316412,0,1,1
316416,4,4,3
316436,3,2,0
316448,3,4,2
316481,3,4,2
316484,2,4,1
316544,4,2,1
316623,3,2,0
316673,2,4,1
316679,4,1,0
316680,4,4,3
316710,0,2,2
316726,2,4,1
316743,2,4,1
316837,2,2,4
316853,0,4,4
316884,3,2,0
316895,2,4,1
316921,1,2,3
316934,4,4,3
316952,4,2,1
316982,4,1,0
316985,3,2,0
316988,2,2,4
316994,4,2,1
317058,0,2,2
317060,3,4,2
317087,4,1,0
317139,0,4,4
317149,4,2,1
317170,2,1,3
317173,0,4,4
317178,0,2,2
317179,0,2,2
317180,3,2,0
317187,0,2,2
317199,2,2,4
317215,0,2,2
317223,2,2,4
317238,4,3,2
317257,2,1,3
317279,0,2,2
317298,4,4,3
317302,1,4,0
317309,1,2,3
317320,0,4,4
317321,0,2,2
317333,4,4,3
317344,3,3,1
317353,3,4,2
317356,2,4,1
317357,3,2,0
317365,0,1,1
317370,0,4,4
317379,0,4,4
317383,2,4,1
317389,0,4,4
317411,2,2,4
317413,4,2,1
317421,3,4,2
317437,0,2,2
317464,2,4,1
317468,3,3,1
317474,2,4,1
317502,4,4,3
317511,4,2,1
317521,3,1,4
317523,0,2,2
317525,4,3,2
317564,4,4,3
317574,0,4,4
317576,0,4,4
317607,3,2,0
317649,2,4,1
317669,4,4,3
317701,1,4,0
317704,4,4,3
317711,3,3,1
317723,4,2,1
317727,3,4,2
317752,0,4,4
317763,4,4,3
317772,0,4,4
317773,2,2,4
317787,4,3,2
317789,0,4,4
317798,4,1,0
317801,4,4,3
317810,3,3,1
317823,4,4,3
317918,2,4,1
317926,4,2,1
317978,4,2,1
317998,3,2,0
318009,0,4,4
318048,4,2,1
318067,2,2,4
318072,2,2,4
318081,4,2,1
318084,4,2,1
318091,4,2,1
318096,2,4,1
318160,2,4,1
318167,2,4,1
318168,1,2,3
318177,1,4,0
318183,2,4,1
318201,0,1,1
318235,0,4,4
318265,0,4,4
318274,2,4,1
318290,3,2,0
318307,3,4,2
318331,3,2,0
318344,3,4,2
318349,4,4,3
318364,2,2,4
318377,0,2,2
318383,2,1,3
318401,4,4,3
318416,4,4,3
318419,0,4,4
318439,4,2,1
318458,4,2,1
318476,1,2,3
318500,0,4,4
318503,0,4,4
318539,4,4,3
318540,4,4,3
318569,0,2,2
318572,4,1,0
318576,2,4,1
318579,0,4,4
318594,1,4,0
318613,4,4,3
318626,0,2,2
318643,2,2,4
318645,0,4,4
318646,2,4,1
318653,4,4,3
318683,3,3,1
318695,4,2,1
318704,0,4,4
318710,0,4,4
318711,2,1,3
318718,0,4,4
318727,4,1,0
318734,0,4,4
318750,0,1,1
318752,2,2,4
318782,2,4,1
318831,3,4,2
318878,3,2,0
318911,4,2,1
318920,2,2,4
318936,0,4,4
318968,4,2,1
318990,2,4,1
319013,0,2,2
319022,0,4,4
319057,2,4,1
319061,4,4,3
319065,0,4,4
319069,4,0,4
319071,0,4,4
319146,4,0,4
319166,0,4,4
319201,2,2,4
319225,0,2,2
319253,4,4,3
319279,4,1,0
319289,4,2,1
319290,4,2,1
319316,4,2,1
319404,4,4,3
319407,0,2,2
319418,1,4,0
319436,2,2,4
319486,3,3,1
319504,0,4,4
319518,3,2,0
319537,4,4,3
319547,4,4,3
319550,0,4,4
319552,0,1,1
319573,2,2,4
319594,4,2,1
319637,0,4,4
319656,0,1,1
319692,0,4,4
319694,1,4,0
319712,4,3,2
319753,0,4,4
319781,4,2,1
319825,2,1,3
319839,0,2,2
319849,4,2,1
319865,0,2,2
319923,4,1,0
320000,0,2,2
320015,4,2,1
320022,3,2,0
320038,3,2,0
320040,2,4,1
320070,4,0,4
320101,0,2,2
320159,0,4,4
320161,3,1,4
320212,0,2,2
320286,0,2,2
320324,3,4,2
320346,4,2,1
320374,4,2,1
320378,1,4,0
320386,2,4,1
320401,4,3,2
320438,4,2,1
320482,0,1,1
320516,4,2,1
320531,0,1,1
320579,0,4,4
320605,4,4,3
320666,2,4,1
320678,4,4,3
320704,3,2,0
320732,3,3,1
320738,2,4,1
320748,2,4,1
320767,3,2,0
320774,4,2,1
320790,1,3,4
320791,3,4,2
320806,0,2,2
320810,2,3,0
320834,3,1,4
320837,4,2,1
320847,4,4,3
320852,4,4,3
320893,0,2,2
320920,0,1,1
320931,0,2,2
320946,2,2,4
320953,0,2,2
320959,4,2,1
320960,4,4,3
320966,0,2,2
320971,0,2,2
320995,3,2,0
321025,2,1,3
321037,4,4,3
321041,4,2,1
321057,4,2,1
321067,4,2,1
321087,4,4,3
321106,2,2,4
321121,4,4,3
321131,4,4,3
321150,4,2,1
321152,1,4,0
321165,0,1,1
321181,4,4,3
321189,2,4,1
321226,4,2,1
321311,2,2,4
321316,1,4,0
321321,2,4,1
321357,0,2,2
321365,4,3,2
321371,0,4,4
321394,2,1,3
321428,4,2,1
321458,4,4,3
321465,0,4,4
321484,0,2,2
321488,1,4,0
321496,4,2,1
321503,4,4,3
321511,1,4,0
321538,4,4,3
321542,0,4,4
321546,0,4,4
321552,4,3,2
321585,4,3,2
321587,4,1,0
321590,2,4,1
321591,4,2,1
321623,4,1,0
321629,4,4,3
321631,4,4,3
321640,0,2,2
321659,2,4,1
321664,4,2,1
321761,4,4,3
321770,4,4,3
321771,4,2,1
321797,4,4,3
321826,1,4,0
321827,0,4,4
321843,3,1,4
321850,2,2,4
321854,4,2,1
321881,4,4,3
321921,0,2,2
321925,2,4,1
321959,0,1,1
321961,0,2,2
322026,2,2,4
322108,0,2,2
322114,0,2,2
322153,2,4,1
322157,2,4,1
322173,0,4,4
322199,0,4,4
322263,2,4,1
322281,1,2,3
322301,4,0,4
322328,1,3,4
322332,2,1,3
322334,0,2,2
322409,0,3,3
322422,3,1,4
322541,1,2,3
322576,4,2,1
322580,1,2,3
322610,2,4,1
322618,0,1,1
322621,4,2,1
322645,2,4,1
322655,2,1,3
322660,2,2,4
322679,3,2,0
322704,0,4,4
322708,3,1,4
322719,4,2,1
322734,4,3,2
322735,0,3,3
322750,3,2,0
322762,4,1,0
322827,3,4,2
322841,0,2,2
322850,2,1,3
322857,2,1,3
322907,1,2,3
322921,0,1,1
322932,4,4,3
322962,4,3,2
322963,4,3,2
323022,0,2,2
323042,4,0,4
323084,0,2,2
323096,0,2,2
323117,1,2,3
323124,4,4,3
323133,0,1,1
323135,3,3,1
323140,0,2,2
323155,2,2,4
323252,0,1,1
323255,4,4,3
323301,0,4,4
323304,2,4,1
323314,1,2,3
323334,0,1,1
323356,1,4,0
323377,3,2,0
323393,0,4,4
323439,4,4,3
323453,1,4,0
323459,4,2,1
323467,4,4,3
323474,0,4,4
323497,0,4,4
323527,4,2,1
323535,2,2,4
323616,4,2,1
323622,0,4,4
323665,4,3,2
323676,4,2,1
323687,0,1,1
323732,1,2,3
323739,2,2,4
323763,4,2,1
323765,4,3,2
323784,2,4,1
323800,1,2,3
323809,2,1,3
323846,2,4,1
323859,2,4,1
323863,4,2,1
323900,4,4,3
323940,2,1,3
323950,4,4,3
323968,3,4,2
323983,3,4,2
324037,0,2,2
324095,2,2,4
324145,3,2,0
324164,4,0,4
324170,4,2,1
324188,0,4,4
324198,2,0,2
324242,1,2,3
324339,4,4,3
324363,0,4,4
324373,3,3,1
324392,1,4,0
324398,1,2,3
324422,4,2,1
324443,4,4,3
324445,2,2,4
324448,4,3,2
324464,2,2,4
324469,0,2,2
324470,2,4,1
324472,2,1,3
324501,4,4,3
324508,4,2,1
324550,0,4,4
324595,2,4,1
324646,4,4,3
324650,3,1,4
324651,0,2,2
324665,0,2,2
324670,4,2,1
324694,4,3,2
324695,0,1,1
324720,0,2,2
324752,0,1,1
324781,4,4,3
324889,4,4,3
324938,4,3,2
324960,2,4,1
325001,0,1,1
325008,2,2,4
325061,2,4,1
325081,4,4,3
325115,3,4,2
325121,0,4,4
325147,4,4,3
325176,2,2,4
325184,0,3,3
325203,0,4,4
325204,4,4,3
325214,4,3,2
325220,0,2,2
325222,0,4,4
325230,3,4,2
325235,4,3,2
325243,2,2,4
325245,4,4,3
325257,2,4,1
325279,3,1,4
325280,4,3,2
325283,4,3,2
325310,0,2,2
325363,0,1,1
325366,0,2,2
325377,2,4,1
325403,3,3,1
325404,4,3,2
325441,4,2,1
325491,0,1,1
325506,2,2,4
325515,0,4,4
325571,3,4,2
325576,0,4,4
325577,3,4,2
325578,4,2,1
325581,4,3,2
325592,0,4,4
325594,4,4,3
325615,2,2,4
325640,2,4,1
325642,1,4,0
325665,4,4,3
325691,3,3,1
325704,2,4,1
325728,1,2,3
325771,4,2,1
325774,0,4,4
325805,0,2,2
325847,3,4,2
325865,2,4,1
325950,4,3,2
325974,1,4,0
326012,0,1,1
326026,4,1,0
326041,2,4,1
326085,4,4,3
326099,3,1,4
326101,0,1,1
326127,4,4,3
326156,0,4,4
326176,4,4,3
326192,0,4,4
326198,4,4,3
326225,3,4,2
326227,0,4,4
326229,4,0,4
326243,2,4,1
326244,0,1,1
326247,4,4,3
326285,4,1,0
326288,2,1,3
326289,0,2,2
326295,4,2,1
326296,4,2,1
326329,3,4,2
326330,3,1,4
326332,2,4,1
326347,4,2,1
326350,4,1,0
326375,1,4,0
326398,0,2,2
326438,2,2,4
326511,4,2,1
326525,2,2,4
326537,3,2,0
326549,4,4,3
326556,0,4,4
326625,0,2,2
326632,4,4,3
326684,4,2,1
326700,1,4,0
326734,4,4,3
326751,2,2,4
326757,4,4,3
326778,0,2,2
326779,3,4,2
326791,4,1,0
326854,2,4,1
326914,0,1,1
326921,0,4,4
326946,2,2,4
326953,2,4,1
326964,0,1,1
326972,2,2,4
326997,4,2,1
327011,1,2,3
327030,0,3,3
327032,4,3,2
327067,2,4,1
327084,4,2,1
327090,2,2,4
327094,4,4,3
327107,4,2,1
327126,2,1,3
327189,4,4,3
327202,2,1,3
327219,2,4,1
327233,3,2,0
327249,4,4,3
327273,4,0,4
327372,1,4,0
327375,4,4,3
327389,2,1,3
327436,0,4,4
327439,1,2,3
327453,2,2,4
327491,2,4,1
327544,4,4,3
327563,2,4,1
327574,0,4,4
327599,3,2,0
327618,4,4,3
327652,2,2,4
327695,0,1,1
327705,3,4,2
327719,2,1,3
327726,4,4,3
327760,2,2,4
327774,2,4,1
327799,3,2,0
327819,0,3,3
327827,4,2,1
327835,1,3,4
327836,4,3,2
327844,2,1,3
327848,4,4,3
327901,0,2,2
327916,3,2,0
327917,2,2,4
327941,1,2,3
327984,4,2,1
328000,2,4,1
328015,2,2,4
328047,3,2,0
328115,2,2,4
328116,1,2,3
328161,4,2,1
328171,1,2,3
328252,4,2,1
328268,0,4,4
328276,3,1,4
328290,1,4,0
328350,3,4,2
328365,4,4,3
328389,4,4,3
328406,3,4,2
328460,4,2,1
328465,0,4,4
328479,0,2,2
328488,4,4,3
328499,4,4,3
328520,4,2,1
328565,3,4,2
328570,4,3,2
328621,4,3,2
328622,4,0,4
328646,3,2,0
328651,0,2,2
328770,3,2,0
328776,4,4,3
328810,2,4,1
328829,4,4,3
328929,1,4,0
328934,0,4,4
328943,4,2,1
329005,2,4,1
329027,0,1,1
329036,4,2,1
329075,1,4,0
329081,2,2,4
329083,2,4,1
329084,4,2,1
329092,3,4,2
329095,4,4,3
329116,4,2,1
329172,4,1,0
329175,4,3,2
329244,0,4,4
329246,1,2,3
329253,4,2,1
329256,4,2,1
329269,0,1,1
329313,0,4,4
329319,3,1,4
329332,2,0,2
329350,4,4,3
329354,2,4,1
329356,4,4,3
329389,2,4,1
329440,3,2,0
329482,2,4,1
329493,2,2,4
329524,4,2,1
329532,3,4,2
329596,4,4,3
329598,4,4,3
329600,3,2,0
329641,0,2,2
329692,0,2,2
329693,0,2,2
329708,0,4,4
329725,0,1,1
329728,0,4,4
329734,3,2,0
329757,4,1,0
329786,3,3,1
329852,0,2,2
329877,3,3,1
329913,0,2,2
329926,1,1,2
329964,1,4,0
329972,0,2,2
330004,4,4,3
330051,4,0,4
330052,1,2,3
330066,1,2,3
330142,2,2,4
330163,0,1,1
330168,4,2,1
330175,2,2,4
330253,4,4,3
330288,4,1,0
330325,2,2,4
330328,4,4,3
330354,0,4,4
330365,0,4,4
330388,2,4,1
330408,4,4,3
330439,4,4,3
330484,3,2,0
330491,2,4,1
330511,0,1,1
330549,0,2,2
330599,4,4,3
330614,4,1,0
330685,1,4,0
330689,3,2,0
330699,0,2,2
330779,0,4,4
330803,0,2,2
330846,0,2,2
330860,0,2,2
330866,4,2,1
330890,4,2,1
330903,2,2,4
330927,0,4,4
330977,2,1,3
331088,4,4,3
331093,4,2,1
331135,0,3,3
331183,2,2,4
331241,0,1,1
331281,2,4,1
331349,0,4,4
331439,2,4,1
331460,1,2,3
331461,2,4,1
331500,4,1,0
331584,2,4,1
331612,3,4,2
331666,2,4,1
331709,0,4,4
331792,2,4,1
331821,2,4,1
331865,1,3,4
331889,0,4,4
331928,4,3,2
331930,2,1,3
331933,2,4,1
332035,2,4,1
332039,3,4,2
332066,0,2,2
332104,3,2,0
332124,3,2,0
332136,4,2,1
332145,0,2,2
332148,0,4,4
332154,2,2,4
332183,3,2,0
332199,2,1,3
332203,2,2,4
332294,3,2,0
332309,0,1,1
332326,4,2,1
332381,0,4,4
332398,0,2,2
332443,1,2,3
332444,2,2,4
332451,0,4,4
332463,0,1,1
332541,0,2,2
332572,4,1,0
332580,0,1,1
332589,4,3,2
332622,4,2,1
332764,2,1,3
332801,3,2,0
332872,2,4,1
332907,2,2,4
332911,0,2,2
332912,0,2,2
332913,2,4,1
332925,0,4,4
332926,0,2,2
332956,4,3,2
333022,0,1,1
333055,4,2,1
333077,4,4,3
333181,3,4,2
333182,2,4,1
333203,4,2,1
333257,3,2,0
333270,4,4,3
333280,4,4,3
333322,0,4,4
333339,4,2,1
333345,3,4,2
333349,4,3,2
333495,4,3,2
333531,2,2,4
333549,4,2,1
333555,0,4,4
333628,3,4,2
333651,2,4,1
333673,1,4,0
333738,4,0,4
333751,4,1,0
333798,2,0,2
333864,4,4,3
333894,3,4,2
333903,0,1,1
333905,4,3,2
333920,0,2,2
333921,4,4,3
333947,4,4,3
333950,3,3,1
333995,0,4,4
333996,2,2,4
334020,0,2,2
334052,0,4,4
334055,0,2,2
334056,4,3,2
334058,2,4,1
334127,0,4,4
334132,0,2,2
334148,0,4,4
334188,0,1,1
334253,0,2,2
334254,3,1,4
334293,4,4,3
334296,0,4,4
334319,3,2,0
334424,0,1,1
334425,2,2,4
334439,3,4,2
334483,0,2,2
334497,4,1,0
334534,0,4,4
334599,2,2,4
334616,4,3,2
334684,4,2,1
334711,4,3,2
334728,2,1,3
334732,4,2,1
334796,2,4,1
334813,0,3,3
334875,4,3,2
334914,4,3,2
334921,2,2,4
335004,4,2,1
335052,4,3,2
335092,4,4,3
335102,2,4,1
335117,0,2,2
335122,3,2,0
335131,0,1,1
335146,2,4,1
335148,2,3,0
335154,4,3,2
335157,3,2,0
335181,0,4,4
335219,0,4,4
335232,2,4,1
335262,4,2,1
335269,0,2,2
335296,4,0,4
335338,0,4,4
335388,0,2,2
335392,0,4,4
335406,0,4,4
335436,3,3,1
335504,0,2,2
335514,0,1,1
335532,2,2,4
335586,0,4,4
335624,4,4,3
335632,2,4,1
335640,2,2,4
335646,2,4,1
335660,4,3,2
335665,0,2,2
335681,0,1,1
335696,2,4,1
335738,0,1,1
335740,2,2,4
335764,0,4,4
335767,1,4,0
335771,4,4,3
335816,0,4,4
335830,4,3,2
335836,2,2,4
335838,4,2,1
335845,4,4,3
335870,0,2,2
335927,4,3,2
335948,4,4,3
335949,2,4,1
335988,0,4,4
336002,0,4,4
336050,4,3,2
336072,0,1,1
336090,2,1,3
336102,4,2,1
336105,0,1,1
336110,2,4,1
336128,0,2,2
336146,2,4,1
336179,0,2,2
336210,1,2,3
336211,4,2,1
336216,0,1,1
336273,4,3,2
336285,2,4,1
336293,0,4,4
336306,2,1,3
336330,0,4,4
336337,4,0,4
336374,2,2,4
336386,0,4,4
336421,0,2,2
336451,4,2,1
336463,0,2,2
336477,4,2,1
336483,0,4,4
336487,3,2,0
336506,3,2,0
336531,2,4,1
336532,2,4,1
336547,3,4,2
336553,4,2,1
336578,2,2,4
336637,0,2,2
336654,0,4,4
336669,2,2,4
336676,4,3,2
336687,0,4,4
336705,3,2,0
336715,3,1,4
336745,4,4,3
336750,4,2,1
336753,4,4,3
336761,2,4,1
336770,2,1,3
336773,4,3,2
336775,2,1,3
336777,0,1,1
336795,2,4,1
336900,0,2,2
336925,4,4,3
336961,0,4,4
337031,4,1,0
337047,4,2,1
337052,3,2,0
337088,3,2,0
337096,2,1,3
337104,2,4,1
337115,2,1,3
337123,3,4,2
337128,0,2,2
337146,4,4,3
337175,0,2,2
337232,0,3,3
337287,3,3,1
337299,2,4,1
337302,2,2,4
337305,4,2,1
337307,3,1,4
337310,2,4,1
337316,0,4,4
337353,2,4,1
337381,0,1,1
337459,4,1,0
337484,3,1,4
337487,0,2,2
337495,0,2,2
337500,4,2,1
337535,3,4,2
337556,2,4,1
337657,2,2,4
337682,3,4,2
337684,4,4,3
337761,2,4,1
337763,3,1,4
337774,4,4,3
337775,0,2,2
337791,0,1,1
337807,3,1,4
337819,0,2,2
337839,0,2,2
337842,2,1,3
337852,0,2,2
337880,4,2,1
337982,3,2,0
338002,2,4,1
338010,2,4,1
338012,3,1,4
338042,3,1,4
338053,0,2,2
338099,4,2,1
338225,4,4,3
338228,0,4,4
338235,0,4,4
338243,2,2,4
338251,4,3,2
338255,4,4,3
338293,3,2,0
338308,2,4,1
338314,0,4,4
338344,0,1,1
338434,1,4,0
338445,0,4,4
338457,0,2,2
338485,2,2,4
338548,2,4,1
338555,3,1,4
338596,2,4,1
338603,3,1,4
338615,0,4,4
338632,2,4,1
338640,2,2,4
338657,1,4,0
338678,2,2,4
338731,2,4,1
338734,4,1,0
338741,3,1,4
338777,0,1,1
338779,0,2,2
338780,0,4,4
338798,4,4,3
338800,2,4,1
338806,0,4,4
338902,3,3,1
338950,2,4,1
338962,0,1,1
338985,4,3,2
339001,0,2,2
339100,2,4,1
339102,2,2,4
339132,3,2,0
339177,3,2,0
339205,0,1,1
339218,4,2,1
339221,0,4,4
339297,0,4,4
339318,0,4,4
339320,0,2,2
339377,3,1,4
339432,0,4,4
339471,1,2,3
339485,4,2,1
339509,2,4,1
339579,2,2,4
339642,0,2,2
339672,0,4,4
339682,0,4,4
339683,1,4,0
339710,1,4,0
339724,2,2,4
339764,2,4,1
339777,2,1,3
339799,0,2,2
339840,3,2,0
339846,3,2,0
339851,3,4,2
339855,4,2,1
339882,0,1,1
339948,4,3,2
339962,2,1,3
339967,0,4,4
339970,2,4,1
339977,4,4,3
339991,2,4,1
340012,0,4,4
340026,2,4,1
340035,1,4,0
340090,0,4,4
340135,2,4,1
340168,0,4,4
340182,0,2,2
340238,0,2,2
340255,2,2,4
340293,4,4,3
340309,1,2,3
340335,0,4,4
340337,3,4,2
340348,3,2,0
340352,0,1,1
340374,4,1,0
340378,4,2,1
340394,2,2,4
340407,4,2,1
340435,0,2,2
340463,0,2,2
340490,2,2,4
340523,0,4,4
340584,3,2,0
340587,4,2,1
340610,4,4,3
340614,4,1,0
340622,0,4,4
340632,0,4,4
340640,3,4,2
340683,3,1,4
340689,4,2,1
340712,4,2,1
340772,0,2,2
340781,0,4,4
340822,0,2,2
340842,4,2,1
340880,4,2,1
340884,2,1,3
340941,0,4,4
340954,4,4,3
340981,4,2,1
340984,0,2,2
341020,2,2,4
341053,4,4,3
341086,4,2,1
341102,4,2,1
341143,0,4,4
341145,0,4,4
341155,0,0,0
341187,4,2,1
341206,0,2,2
341221,0,2,2
341225,4,2,1
341299,0,4,4
341310,4,2,1
341385,1,2,3
341428,3,2,0
341437,0,2,2
341444,4,3,2
341574,4,4,3
341576,2,4,1
341637,2,2,4
341645,3,4,2
341658,0,2,2
341726,0,2,2
341882,0,2,2
341954,0,2,2
341960,4,4,3
341961,0,2,2
341986,0,4,4
