pipe_id,spatiotemporal_fold,true_label,LR(基线),RF,LightGBM(最优),简单平均(3模型),简单平均(RF+LGB),AUC加权(RF+LGB),Stacking(LR元模型),Rank Averaging,几何平均(3模型),model_probability_std,model_probability_range
320893,1,1,0.998163744331941,0.5901427919124218,0.0776309533279989,0.5553124965241206,0.33388687262021033,0.334702003093098,0.10787212436101212,0.929861873399195,0.35760035330769235,0.4612537446308746,0.9205327910039421
336421,1,0,0.9963806186675838,0.5521408169928591,0.0762441412776698,0.5415885256460375,0.31419247913526444,0.3149493745923388,0.10270927914448669,0.9123444932308818,0.34745124113821513,0.46015899143163663,0.920136477389914
287980,1,0,0.994440878708522,0.5459441465212168,0.0776309533279989,0.5393386595192459,0.31178754992460783,0.3125323841428407,0.10169670214214943,0.9206686791072082,0.3480065093381771,0.4584406550066868,0.9168099253805232
273015,3,0,0.9845776414895184,0.5405651994315928,0.0710882776263579,0.5320770395158231,0.30582673852897535,0.30657342361304657,0.09971423928994519,0.9007500914745701,0.3357108272008704,0.4568038322046425,0.9134893638631605
337381,1,0,0.967388922683591,0.3013913052730976,0.0584014306809964,0.44239388621256165,0.179896367977047,0.18028283407689405,0.07214710594700127,0.8524057811928284,0.25726760602475984,0.47061221937810366,0.9089874920025947
271108,2,0,0.9636773225721538,0.7890023041445953,0.0584693713118852,0.6037163326762114,0.42373583772824025,0.42489772241103047,0.13124996032292313,0.9265459202341749,0.3542523813036015,0.4802067546103868,0.9052079512602685
308048,3,0,0.9789108549453536,0.6982892117449433,0.0779117139463034,0.5850372602122001,0.38810046284562333,0.3890871495230398,0.1201573672021122,0.9588821807537505,0.3762360547419525,0.4610524551661532,0.9009991409990502
341961,1,0,0.9746906174219666,0.4246087760565433,0.0800074478714656,0.4931022804499918,0.25230811196400443,0.2528561871935973,0.08531349594501672,0.9188391877058177,0.32111608201964964,0.45125714795148025,0.894683169550501
313253,1,0,0.9710616226961892,0.6289702430477976,0.0776309533279989,0.5592209396906619,0.3533005981878982,0.3541774822364543,0.10938427322502807,0.9372255762897913,0.3619405731552269,0.4507807828989912,0.8934306693681904
261745,0,1,0.9688583811717556,0.6845980070896348,0.0758256928868813,0.5764273603827572,0.3802118499882581,0.38118007906512696,0.11670959504233432,0.9376372118551043,0.369122716119556,0.45623734195379645,0.8930326882848743
333920,1,0,0.9701425026378612,0.5524832772643562,0.0776309533279989,0.5334189110767388,0.3150571152961775,0.3158123497516998,0.09945264486875091,0.9208973655323819,0.34652124237640763,0.44656108647807,0.8925115493098623
338053,1,0,0.9690746118534024,0.6489312055817466,0.0776309533279989,0.5652122569210493,0.3632810794548727,0.36418971065072303,0.11180774962953861,0.9415248810830589,0.3654799847159151,0.4515801101188231,0.8914436585254035
332145,1,0,0.9650333092777176,0.6287564671942332,0.0751646075412486,0.5563181280043998,0.3519605373677409,0.35284100404260255,0.1085130701223916,0.9246706915477497,0.3572833032809377,0.44933513252468166,0.889868701736469
313375,3,0,0.9780097719643835,0.7358233678592636,0.0896278000739359,0.6011536466325277,0.41272558396659975,0.41375333329664765,0.12573039966052593,0.9728320526893524,0.4010389016930123,0.45924675541200627,0.8883819718904477
340822,1,0,0.9678123981310434,0.4244135298022955,0.0800074478714656,0.4907444586016015,0.2522104888368806,0.25275825353477527,0.08454940686537919,0.9183360775704354,0.3203098344143886,0.4476039002431578,0.8878049502595777
326625,1,1,0.9642173152960352,0.6832054381484212,0.0776309533279989,0.5750179022574851,0.38041819573821,0.3813813387897808,0.1158724679164174,0.948385473838273,0.3711821247109759,0.45308636207520514,0.8865863619680363
280665,1,1,0.9561615270345418,0.5568454208123145,0.0711590358575463,0.5280553279014676,0.3140022283349304,0.3147746939500404,0.09818492952673027,0.9024423710208561,0.335865444884099,0.44320311871052237,0.8850024911769956
307971,3,0,0.9759837323461475,0.7152839954669576,0.0959505732991502,0.5957394337040851,0.40561728438305394,0.4066023104981211,0.12244313925328144,0.9699048664471276,0.4061217231709005,0.45203182071715636,0.8800331590469973
326227,3,0,0.9872156421016124,0.7212378962316227,0.1074280111309962,0.6052938498214104,0.41433295368130946,0.4153091948219768,0.12517470485362356,0.9777716794731065,0.4244918604405011,0.45120819510033544,0.8797876309706162
304187,1,0,0.9573955547258252,0.617578217830152,0.0776309533279989,0.5508682419613253,0.3476045855790754,0.3484633510473301,0.10605505824146234,0.933841017197219,0.35804649939810396,0.44365989691258284,0.8797646013978263
330699,1,0,0.95667183121747,0.5934321750954291,0.0776309533279989,0.5425783198802994,0.335531564211714,0.3363519263227173,0.10286042328081768,0.9288556531284303,0.35322898373324085,0.441721407895128,0.8790408778894712
325576,3,0,0.9861932226064808,0.7727225664787903,0.1080292573756085,0.6223150154869599,0.44037591192719944,0.44143308120717356,0.13296572854130842,0.9869877424076107,0.43501977548501686,0.4579954268374546,0.8781639652308723
305103,3,1,0.9826649920339252,0.7695592009295937,0.1061329961210374,0.6194523963615187,0.4378460985253156,0.4389012525243828,0.13187684320378554,0.9847694840834249,0.43135282629308563,0.45713906478005834,0.8765319959128878
309029,3,0,0.968435314529028,0.7435636479820148,0.0928816918202147,0.6016268847770858,0.41822266990111473,0.4192575546602465,0.12547859910550171,0.9745243322356384,0.40591923202727453,0.4547065758502408,0.8755536227088133
271846,0,1,0.9425058694891484,0.7389577474247154,0.0688627661893458,0.5834421277010698,0.40391025680703063,0.40497601723988746,0.12059286093593022,0.9375228686425174,0.36332563795405187,0.45711256706565123,0.8736431032998025
317139,3,0,0.9825653867057788,0.713934161928825,0.1092121983755809,0.6019039156700615,0.41157318015220296,0.41253496730131184,0.12340325973701173,0.9772914379802415,0.4247143399032321,0.4473248595251888,0.8733531883301978
317320,3,0,0.9779805345813176,0.6803263977074172,0.1057164552183371,0.5880077958356906,0.39302142646287713,0.393935321594433,0.11779038801480739,0.9679839004756677,0.41279083084357815,0.44339959317234356,0.8722640793629806
290130,1,0,0.9470926601742694,0.5533617203940495,0.0776309533279989,0.526028444632106,0.3154963368610242,0.316252968446739,0.09672421515847258,0.9196167215514087,0.3439369490108765,0.4353748337822437,0.8694617068462706
253220,1,0,0.9449107877989448,0.5446432975204405,0.0765334106745664,0.5220291653313173,0.31058835409750346,0.3113328649647684,0.09540994517162522,0.910492133186974,0.34023945930358634,0.43463014909961556,0.8683773771243783
268591,3,1,0.9744770163847368,0.773619715448207,0.1064420568891878,0.6181795962407105,0.4400308861686974,0.44109200671144105,0.13121730301438508,0.985386937431394,0.4313245017186519,0.45441434365680006,0.868034959495549
240749,3,0,0.9679712065232094,0.6962087549531963,0.1000056236709378,0.5880618617157812,0.39810718931206707,0.3990554275843409,0.11853993573355526,0.9672521039151117,0.40695099430817444,0.4439739588553585,0.8679655828522717
290336,3,0,0.958318391172758,0.6127521107436931,0.0904488856963816,0.5538397958709442,0.35160049822003736,0.3524312015185201,0.10569641915237099,0.9460300036589828,0.37589448436353184,0.4369237522345311,0.8678695054763763
244440,3,1,0.9801302325243336,0.6492330384602772,0.1129335575826808,0.5807656095224306,0.381083298021479,0.3819362618294265,0.11381587806285802,0.966017197219173,0.41575339310414566,0.4376338193929761,0.8671966749416529
271405,1,0,0.9196649602539142,0.2611015522464437,0.0528288421404775,0.4111984515469451,0.1569651971934606,0.15729644697131387,0.06437405025331205,0.8200009147457007,0.2332222935548496,0.45249090963378663,0.8668361181134367
332541,1,0,0.944254042654556,0.6774914248480015,0.0776309533279989,0.5664588069435188,0.3775611890880002,0.37851524422000893,0.11227485085677863,0.9460528723015001,0.36757208770299105,0.44385253904592975,0.8666230893265572
311014,3,1,0.9776998664845254,0.7565882332124496,0.1114011501476916,0.6152297499482222,0.4339946916800706,0.43502083705375044,0.12914540322094062,0.9859586534943287,0.4351626415894789,0.4501166871765406,0.8662987163368339
335816,3,0,0.9822832059662324,0.8014059889889572,0.1171909290009635,0.6336267079853845,0.45929845899496036,0.460386676872903,0.13705859817920862,0.9966840468349799,0.4518501525330726,0.4562987806983438,0.8650922769652689
311593,1,0,0.9284417519028632,0.5200257684256472,0.0655812786292399,0.5046829329859168,0.29280352352744354,0.2935263001034775,0.09051863230148371,0.8889727405781193,0.31636357086069156,0.4316348005362789,0.8628604732736233
338235,3,0,0.9715422077561388,0.7498229583095738,0.1096983412200799,0.6103545024285975,0.42976064976482686,0.4307787434800401,0.1271283650659613,0.9842663739480425,0.43073168731199307,0.44752910543429897,0.8618438665360588
337487,1,0,0.9386017295564074,0.6297900566644543,0.0776309533279989,0.5486742465162869,0.3537105049962266,0.35458869292697764,0.10517022565137707,0.9353046103183315,0.3580173082937559,0.4361794359800015,0.8609707762284086
263348,1,0,0.9385705762885818,0.6221988024613178,0.0776309533279989,0.5461334440259661,0.3499148778946583,0.3507809922260062,0.1041895074744824,0.9336123307720453,0.3565690756336803,0.43548101297450564,0.8609396229605829
302308,1,1,0.9377021587049978,0.6967328989065286,0.0776309533279989,0.5706886703131752,0.3871819261172637,0.3881665840776709,0.11401111617925473,0.9491630076838639,0.37015934475273665,0.44367328097478564,0.860071205376999
248853,3,0,0.9662553618796772,0.5628206289207499,0.1064420568891878,0.545172682563205,0.3346313429049689,0.3353571955648086,0.1005576606490951,0.942668313208928,0.3868343760943857,0.43017823906800096,0.8598133049904894
289849,1,0,0.936368417640696,0.5714213551674061,0.0776309533279989,0.5284735753787003,0.3245261542477025,0.3253115089916445,0.09759087732240466,0.9227268569337723,0.34632144201974535,0.4309766722168783,0.8587374643126972
337495,1,0,0.930571131819484,0.5471764721483295,0.0723130155820364,0.5166868731832833,0.30974474386518297,0.3104999960267273,0.09395515631690739,0.9002698499817051,0.3326834177845174,0.42994064736385423,0.8582581162374476
271893,2,1,0.9157075785554776,0.7028082530670858,0.0576423253505368,0.5587193856577001,0.3802252892088113,0.38125140093571913,0.11154334600143055,0.9016190998902305,0.33351219438290036,0.44681114128108357,0.8580652532049408
300483,1,0,0.934746487105285,0.5688716014289086,0.0776309533279989,0.5270830139540642,0.3232512773784537,0.32403257683661674,0.09708519628368464,0.92222374679839,0.34560578629336713,0.43008310138034667,0.8571155337772861
305183,1,0,0.9210959344444968,0.4376214442876343,0.064394695862892,0.4743706915316743,0.25100807007526316,0.25160167294066826,0.08085424325226322,0.880351262349067,0.29608598595997077,0.4295312950491112,0.8567012385816047
240483,1,1,0.934046076505292,0.6405568079826786,0.0776309533279989,0.5507446126053231,0.3590938806553387,0.3599891926921743,0.10596770760791537,0.9372713135748262,0.3594625275904046,0.43521418707410003,0.8564151231772932
281834,3,0,0.9378049529150488,0.2746768305925886,0.0817222187389862,0.4314013340822078,0.1781995246657874,0.1785064115943713,0.06728602871289303,0.9019849981705086,0.27611599553236055,0.4490449191719483,0.8560827341760626
